"codendereco","rua","modulo","posicao","tipo"
"05-01-01","05","01","01",COLEÇÃO
"05-01-02","05","01","02",COLEÇÃO
"05-01-03","05","01","03",COLEÇÃO
"05-01-04","05","01","04",COLEÇÃO
"05-01-05","05","01","05",COLEÇÃO
"05-01-06","05","01","06",COLEÇÃO
"05-01-07","05","01","07",COLEÇÃO
"05-01-08","05","01","08",COLEÇÃO
"05-01-09","05","01","09",COLEÇÃO
"05-01-10","05","01","10",COLEÇÃO
"05-01-11","05","01","11",COLEÇÃO
"05-01-12","05","01","12",COLEÇÃO
"05-01-13","05","01","13",COLEÇÃO
"05-01-14","05","01","14",COLEÇÃO
"05-01-15","05","01","15",COLEÇÃO
"05-01-16","05","01","16",COLEÇÃO
"05-01-17","05","01","17",COLEÇÃO
"05-01-18","05","01","18",COLEÇÃO
"05-01-19","05","01","19",COLEÇÃO
"05-01-20","05","01","20",COLEÇÃO
"05-01-21","05","01","21",COLEÇÃO
"05-01-22","05","01","22",COLEÇÃO
"05-01-23","05","01","23",COLEÇÃO
"05-01-24","05","01","24",COLEÇÃO
"05-02-01","05","02","01",COLEÇÃO
"05-02-02","05","02","02",COLEÇÃO
"05-02-03","05","02","03",COLEÇÃO
"05-02-04","05","02","04",COLEÇÃO
"05-02-05","05","02","05",COLEÇÃO
"05-02-06","05","02","06",COLEÇÃO
"05-02-07","05","02","07",COLEÇÃO
"05-02-08","05","02","08",COLEÇÃO
"05-02-09","05","02","09",COLEÇÃO
"05-02-10","05","02","10",COLEÇÃO
"05-02-11","05","02","11",COLEÇÃO
"05-02-12","05","02","12",COLEÇÃO
"05-02-13","05","02","13",COLEÇÃO
"05-02-14","05","02","14",COLEÇÃO
"05-02-15","05","02","15",COLEÇÃO
"05-02-16","05","02","16",COLEÇÃO
"05-02-17","05","02","17",COLEÇÃO
"05-02-18","05","02","18",COLEÇÃO
"05-02-19","05","02","19",COLEÇÃO
"05-02-20","05","02","20",COLEÇÃO
"05-02-21","05","02","21",COLEÇÃO
"05-02-22","05","02","22",COLEÇÃO
"05-02-23","05","02","23",COLEÇÃO
"05-02-24","05","02","24",COLEÇÃO
"05-03-01","05","03","01",COLEÇÃO
"05-03-02","05","03","02",COLEÇÃO
"05-03-03","05","03","03",COLEÇÃO
"05-03-04","05","03","04",COLEÇÃO
"05-03-05","05","03","05",COLEÇÃO
"05-03-06","05","03","06",COLEÇÃO
"05-03-07","05","03","07",COLEÇÃO
"05-03-08","05","03","08",COLEÇÃO
"05-03-09","05","03","09",COLEÇÃO
"05-03-10","05","03","10",COLEÇÃO
"05-03-11","05","03","11",COLEÇÃO
"05-03-12","05","03","12",COLEÇÃO
"05-03-13","05","03","13",COLEÇÃO
"05-03-14","05","03","14",COLEÇÃO
"05-03-15","05","03","15",COLEÇÃO
"05-03-16","05","03","16",COLEÇÃO
"05-03-17","05","03","17",COLEÇÃO
"05-03-18","05","03","18",COLEÇÃO
"05-03-19","05","03","19",COLEÇÃO
"05-03-20","05","03","20",COLEÇÃO
"05-03-21","05","03","21",COLEÇÃO
"05-03-22","05","03","22",COLEÇÃO
"05-03-23","05","03","23",COLEÇÃO
"05-03-24","05","03","24",COLEÇÃO
"05-04-01","05","04","01",COLEÇÃO
"05-04-02","05","04","02",COLEÇÃO
"05-04-03","05","04","03",COLEÇÃO
"05-04-04","05","04","04",COLEÇÃO
"05-04-05","05","04","05",COLEÇÃO
"05-04-06","05","04","06",COLEÇÃO
"05-04-07","05","04","07",COLEÇÃO
"05-04-08","05","04","08",COLEÇÃO
"05-04-09","05","04","09",COLEÇÃO
"05-04-10","05","04","10",COLEÇÃO
"05-04-11","05","04","11",COLEÇÃO
"05-04-12","05","04","12",COLEÇÃO
"05-04-13","05","04","13",COLEÇÃO
"05-04-14","05","04","14",COLEÇÃO
"05-04-15","05","04","15",COLEÇÃO
"05-04-16","05","04","16",COLEÇÃO
"05-04-17","05","04","17",COLEÇÃO
"05-04-18","05","04","18",COLEÇÃO
"05-04-19","05","04","19",COLEÇÃO
"05-04-20","05","04","20",COLEÇÃO
"05-04-21","05","04","21",COLEÇÃO
"05-04-22","05","04","22",COLEÇÃO
"05-04-23","05","04","23",COLEÇÃO
"05-04-24","05","04","24",COLEÇÃO
"05-05-01","05","05","01",COLEÇÃO
"05-05-02","05","05","02",COLEÇÃO
"05-05-03","05","05","03",COLEÇÃO
"05-05-04","05","05","04",COLEÇÃO
"05-05-05","05","05","05",COLEÇÃO
"05-05-06","05","05","06",COLEÇÃO
"05-05-07","05","05","07",COLEÇÃO
"05-05-08","05","05","08",COLEÇÃO
"05-05-09","05","05","09",COLEÇÃO
"05-05-10","05","05","10",COLEÇÃO
"05-05-11","05","05","11",COLEÇÃO
"05-05-12","05","05","12",COLEÇÃO
"05-05-13","05","05","13",COLEÇÃO
"05-05-14","05","05","14",COLEÇÃO
"05-05-15","05","05","15",COLEÇÃO
"05-05-16","05","05","16",COLEÇÃO
"05-05-17","05","05","17",COLEÇÃO
"05-05-18","05","05","18",COLEÇÃO
"05-05-19","05","05","19",COLEÇÃO
"05-05-20","05","05","20",COLEÇÃO
"05-05-21","05","05","21",COLEÇÃO
"05-05-22","05","05","22",COLEÇÃO
"05-05-23","05","05","23",COLEÇÃO
"05-05-24","05","05","24",COLEÇÃO
"05-06-01","05","06","01",COLEÇÃO
"05-06-02","05","06","02",COLEÇÃO
"05-06-03","05","06","03",COLEÇÃO
"05-06-04","05","06","04",COLEÇÃO
"05-06-05","05","06","05",COLEÇÃO
"05-06-06","05","06","06",COLEÇÃO
"05-06-07","05","06","07",COLEÇÃO
"05-06-08","05","06","08",COLEÇÃO
"05-06-09","05","06","09",COLEÇÃO
"05-06-10","05","06","10",COLEÇÃO
"05-06-11","05","06","11",COLEÇÃO
"05-06-12","05","06","12",COLEÇÃO
"05-06-13","05","06","13",COLEÇÃO
"05-06-14","05","06","14",COLEÇÃO
"05-06-15","05","06","15",COLEÇÃO
"05-06-16","05","06","16",COLEÇÃO
"05-06-17","05","06","17",COLEÇÃO
"05-06-18","05","06","18",COLEÇÃO
"05-06-19","05","06","19",COLEÇÃO
"05-06-20","05","06","20",COLEÇÃO
"05-06-21","05","06","21",COLEÇÃO
"05-06-22","05","06","22",COLEÇÃO
"05-06-23","05","06","23",COLEÇÃO
"05-06-24","05","06","24",COLEÇÃO
"05-07-01","05","07","01",COLEÇÃO
"05-07-02","05","07","02",COLEÇÃO
"05-07-03","05","07","03",COLEÇÃO
"05-07-04","05","07","04",COLEÇÃO
"05-07-05","05","07","05",COLEÇÃO
"05-07-06","05","07","06",COLEÇÃO
"05-07-07","05","07","07",COLEÇÃO
"05-07-08","05","07","08",COLEÇÃO
"05-07-09","05","07","09",COLEÇÃO
"05-07-10","05","07","10",COLEÇÃO
"05-07-11","05","07","11",COLEÇÃO
"05-07-12","05","07","12",COLEÇÃO
"05-07-13","05","07","13",COLEÇÃO
"05-07-14","05","07","14",COLEÇÃO
"05-07-15","05","07","15",COLEÇÃO
"05-07-16","05","07","16",COLEÇÃO
"05-07-17","05","07","17",COLEÇÃO
"05-07-18","05","07","18",COLEÇÃO
"05-07-19","05","07","19",COLEÇÃO
"05-07-20","05","07","20",COLEÇÃO
"05-07-21","05","07","21",COLEÇÃO
"05-07-22","05","07","22",COLEÇÃO
"05-07-23","05","07","23",COLEÇÃO
"05-07-24","05","07","24",COLEÇÃO
"05-08-01","05","08","01",COLEÇÃO
"05-08-02","05","08","02",COLEÇÃO
"05-08-03","05","08","03",COLEÇÃO
"05-08-04","05","08","04",COLEÇÃO
"05-08-05","05","08","05",COLEÇÃO
"05-08-06","05","08","06",COLEÇÃO
"05-08-07","05","08","07",COLEÇÃO
"05-08-08","05","08","08",COLEÇÃO
"05-08-09","05","08","09",COLEÇÃO
"05-08-10","05","08","10",COLEÇÃO
"05-08-11","05","08","11",COLEÇÃO
"05-08-12","05","08","12",COLEÇÃO
"05-08-13","05","08","13",COLEÇÃO
"05-08-14","05","08","14",COLEÇÃO
"05-08-15","05","08","15",COLEÇÃO
"05-08-16","05","08","16",COLEÇÃO
"05-08-17","05","08","17",COLEÇÃO
"05-08-18","05","08","18",COLEÇÃO
"05-08-19","05","08","19",COLEÇÃO
"05-08-20","05","08","20",COLEÇÃO
"05-08-21","05","08","21",COLEÇÃO
"05-08-22","05","08","22",COLEÇÃO
"05-08-23","05","08","23",COLEÇÃO
"05-08-24","05","08","24",COLEÇÃO
"05-09-01","05","09","01",COLEÇÃO
"05-09-02","05","09","02",COLEÇÃO
"05-09-03","05","09","03",COLEÇÃO
"05-09-04","05","09","04",COLEÇÃO
"05-09-05","05","09","05",COLEÇÃO
"05-09-06","05","09","06",COLEÇÃO
"05-09-07","05","09","07",COLEÇÃO
"05-09-08","05","09","08",COLEÇÃO
"05-09-09","05","09","09",COLEÇÃO
"05-09-10","05","09","10",COLEÇÃO
"05-09-11","05","09","11",COLEÇÃO
"05-09-12","05","09","12",COLEÇÃO
"05-09-13","05","09","13",COLEÇÃO
"05-09-14","05","09","14",COLEÇÃO
"05-09-15","05","09","15",COLEÇÃO
"05-09-16","05","09","16",COLEÇÃO
"05-09-17","05","09","17",COLEÇÃO
"05-09-18","05","09","18",COLEÇÃO
"05-09-19","05","09","19",COLEÇÃO
"05-09-20","05","09","20",COLEÇÃO
"05-09-21","05","09","21",COLEÇÃO
"05-09-22","05","09","22",COLEÇÃO
"05-09-23","05","09","23",COLEÇÃO
"05-09-24","05","09","24",COLEÇÃO
"05-10-01","05","10","01",COLEÇÃO
"05-10-02","05","10","02",COLEÇÃO
"05-10-03","05","10","03",COLEÇÃO
"05-10-04","05","10","04",COLEÇÃO
"05-10-05","05","10","05",COLEÇÃO
"05-10-06","05","10","06",COLEÇÃO
"05-10-07","05","10","07",COLEÇÃO
"05-10-08","05","10","08",COLEÇÃO
"05-10-09","05","10","09",COLEÇÃO
"05-10-10","05","10","10",COLEÇÃO
"05-10-11","05","10","11",COLEÇÃO
"05-10-12","05","10","12",COLEÇÃO
"05-10-13","05","10","13",COLEÇÃO
"05-10-14","05","10","14",COLEÇÃO
"05-10-15","05","10","15",COLEÇÃO
"05-10-16","05","10","16",COLEÇÃO
"05-10-17","05","10","17",COLEÇÃO
"05-10-18","05","10","18",COLEÇÃO
"05-10-19","05","10","19",COLEÇÃO
"05-10-20","05","10","20",COLEÇÃO
"05-10-21","05","10","21",COLEÇÃO
"05-10-22","05","10","22",COLEÇÃO
"05-10-23","05","10","23",COLEÇÃO
"05-10-24","05","10","24",COLEÇÃO
"05-11-01","05","11","01",COLEÇÃO
"05-11-02","05","11","02",COLEÇÃO
"05-11-03","05","11","03",COLEÇÃO
"05-11-04","05","11","04",COLEÇÃO
"05-11-05","05","11","05",COLEÇÃO
"05-11-06","05","11","06",COLEÇÃO
"05-11-07","05","11","07",COLEÇÃO
"05-11-08","05","11","08",COLEÇÃO
"05-11-09","05","11","09",COLEÇÃO
"05-11-10","05","11","10",COLEÇÃO
"05-11-11","05","11","11",COLEÇÃO
"05-11-12","05","11","12",COLEÇÃO
"05-11-13","05","11","13",COLEÇÃO
"05-11-14","05","11","14",COLEÇÃO
"05-11-15","05","11","15",COLEÇÃO
"05-11-16","05","11","16",COLEÇÃO
"05-11-17","05","11","17",COLEÇÃO
"05-11-18","05","11","18",COLEÇÃO
"05-11-19","05","11","19",COLEÇÃO
"05-11-20","05","11","20",COLEÇÃO
"05-11-21","05","11","21",COLEÇÃO
"05-11-22","05","11","22",COLEÇÃO
"05-11-23","05","11","23",COLEÇÃO
"05-11-24","05","11","24",COLEÇÃO
"05-12-01","05","12","01",COLEÇÃO
"05-12-02","05","12","02",COLEÇÃO
"05-12-03","05","12","03",COLEÇÃO
"05-12-04","05","12","04",COLEÇÃO
"05-12-05","05","12","05",COLEÇÃO
"05-12-06","05","12","06",COLEÇÃO
"05-12-07","05","12","07",COLEÇÃO
"05-12-08","05","12","08",COLEÇÃO
"05-12-09","05","12","09",COLEÇÃO
"05-12-10","05","12","10",COLEÇÃO
"05-12-11","05","12","11",COLEÇÃO
"05-12-12","05","12","12",COLEÇÃO
"05-12-13","05","12","13",COLEÇÃO
"05-12-14","05","12","14",COLEÇÃO
"05-12-15","05","12","15",COLEÇÃO
"05-12-16","05","12","16",COLEÇÃO
"05-12-17","05","12","17",COLEÇÃO
"05-12-18","05","12","18",COLEÇÃO
"05-12-19","05","12","19",COLEÇÃO
"05-12-20","05","12","20",COLEÇÃO
"05-12-21","05","12","21",COLEÇÃO
"05-12-22","05","12","22",COLEÇÃO
"05-12-23","05","12","23",COLEÇÃO
"05-12-24","05","12","24",COLEÇÃO
"05-13-01","05","13","01",COLEÇÃO
"05-13-02","05","13","02",COLEÇÃO
"05-13-03","05","13","03",COLEÇÃO
"05-13-04","05","13","04",COLEÇÃO
"05-13-05","05","13","05",COLEÇÃO
"05-13-06","05","13","06",COLEÇÃO
"05-13-07","05","13","07",COLEÇÃO
"05-13-08","05","13","08",COLEÇÃO
"05-13-09","05","13","09",COLEÇÃO
"05-13-10","05","13","10",COLEÇÃO
"05-13-11","05","13","11",COLEÇÃO
"05-13-12","05","13","12",COLEÇÃO
"05-13-13","05","13","13",COLEÇÃO
"05-13-14","05","13","14",COLEÇÃO
"05-13-15","05","13","15",COLEÇÃO
"05-13-16","05","13","16",COLEÇÃO
"05-13-17","05","13","17",COLEÇÃO
"05-13-18","05","13","18",COLEÇÃO
"05-13-19","05","13","19",COLEÇÃO
"05-13-20","05","13","20",COLEÇÃO
"05-13-21","05","13","21",COLEÇÃO
"05-13-22","05","13","22",COLEÇÃO
"05-13-23","05","13","23",COLEÇÃO
"05-13-24","05","13","24",COLEÇÃO
"05-14-01","05","14","01",COLEÇÃO
"05-14-02","05","14","02",COLEÇÃO
"05-14-03","05","14","03",COLEÇÃO
"05-14-04","05","14","04",COLEÇÃO
"05-14-05","05","14","05",COLEÇÃO
"05-14-06","05","14","06",COLEÇÃO
"05-14-07","05","14","07",COLEÇÃO
"05-14-08","05","14","08",COLEÇÃO
"05-14-09","05","14","09",COLEÇÃO
"05-14-10","05","14","10",COLEÇÃO
"05-14-11","05","14","11",COLEÇÃO
"05-14-12","05","14","12",COLEÇÃO
"05-14-13","05","14","13",COLEÇÃO
"05-14-14","05","14","14",COLEÇÃO
"05-14-15","05","14","15",COLEÇÃO
"05-14-16","05","14","16",COLEÇÃO
"05-14-17","05","14","17",COLEÇÃO
"05-14-18","05","14","18",COLEÇÃO
"05-14-19","05","14","19",COLEÇÃO
"05-14-20","05","14","20",COLEÇÃO
"05-14-21","05","14","21",COLEÇÃO
"05-14-22","05","14","22",COLEÇÃO
"05-14-23","05","14","23",COLEÇÃO
"05-14-24","05","14","24",COLEÇÃO
"05-15-01","05","15","01",COLEÇÃO
"05-15-02","05","15","02",COLEÇÃO
"05-15-03","05","15","03",COLEÇÃO
"05-15-04","05","15","04",COLEÇÃO
"05-15-05","05","15","05",COLEÇÃO
"05-15-06","05","15","06",COLEÇÃO
"05-15-07","05","15","07",COLEÇÃO
"05-15-08","05","15","08",COLEÇÃO
"05-15-09","05","15","09",COLEÇÃO
"05-15-10","05","15","10",COLEÇÃO
"05-15-11","05","15","11",COLEÇÃO
"05-15-12","05","15","12",COLEÇÃO
"05-15-13","05","15","13",COLEÇÃO
"05-15-14","05","15","14",COLEÇÃO
"05-15-15","05","15","15",COLEÇÃO
"05-15-16","05","15","16",COLEÇÃO
"05-15-17","05","15","17",COLEÇÃO
"05-15-18","05","15","18",COLEÇÃO
"05-15-19","05","15","19",COLEÇÃO
"05-15-20","05","15","20",COLEÇÃO
"05-15-21","05","15","21",COLEÇÃO
"05-15-22","05","15","22",COLEÇÃO
"05-15-23","05","15","23",COLEÇÃO
"05-15-24","05","15","24",COLEÇÃO
"05-16-01","05","16","01",COLEÇÃO
"05-16-02","05","16","02",COLEÇÃO
"05-16-03","05","16","03",COLEÇÃO
"05-16-04","05","16","04",COLEÇÃO
"05-16-05","05","16","05",COLEÇÃO
"05-16-06","05","16","06",COLEÇÃO
"05-16-07","05","16","07",COLEÇÃO
"05-16-08","05","16","08",COLEÇÃO
"05-16-09","05","16","09",COLEÇÃO
"05-16-10","05","16","10",COLEÇÃO
"05-16-11","05","16","11",COLEÇÃO
"05-16-12","05","16","12",COLEÇÃO
"05-16-13","05","16","13",COLEÇÃO
"05-16-14","05","16","14",COLEÇÃO
"05-16-15","05","16","15",COLEÇÃO
"05-16-16","05","16","16",COLEÇÃO
"05-16-17","05","16","17",COLEÇÃO
"05-16-18","05","16","18",COLEÇÃO
"05-16-19","05","16","19",COLEÇÃO
"05-16-20","05","16","20",COLEÇÃO
"05-16-21","05","16","21",COLEÇÃO
"05-16-22","05","16","22",COLEÇÃO
"05-16-23","05","16","23",COLEÇÃO
"05-16-24","05","16","24",COLEÇÃO
"05-17-01","05","17","01",COLEÇÃO
"05-17-02","05","17","02",COLEÇÃO
"05-17-03","05","17","03",COLEÇÃO
"05-17-04","05","17","04",COLEÇÃO
"05-17-05","05","17","05",COLEÇÃO
"05-17-06","05","17","06",COLEÇÃO
"05-17-07","05","17","07",COLEÇÃO
"05-17-08","05","17","08",COLEÇÃO
"05-17-09","05","17","09",COLEÇÃO
"05-17-10","05","17","10",COLEÇÃO
"05-17-11","05","17","11",COLEÇÃO
"05-17-12","05","17","12",COLEÇÃO
"05-17-13","05","17","13",COLEÇÃO
"05-17-14","05","17","14",COLEÇÃO
"05-17-15","05","17","15",COLEÇÃO
"05-17-16","05","17","16",COLEÇÃO
"05-17-17","05","17","17",COLEÇÃO
"05-17-18","05","17","18",COLEÇÃO
"05-17-19","05","17","19",COLEÇÃO
"05-17-20","05","17","20",COLEÇÃO
"05-17-21","05","17","21",COLEÇÃO
"05-17-22","05","17","22",COLEÇÃO
"05-17-23","05","17","23",COLEÇÃO
"05-17-24","05","17","24",COLEÇÃO
"05-18-01","05","18","01",COLEÇÃO
"05-18-02","05","18","02",COLEÇÃO
"05-18-03","05","18","03",COLEÇÃO
"05-18-04","05","18","04",COLEÇÃO
"05-18-05","05","18","05",COLEÇÃO
"05-18-06","05","18","06",COLEÇÃO
"05-18-07","05","18","07",COLEÇÃO
"05-18-08","05","18","08",COLEÇÃO
"05-18-09","05","18","09",COLEÇÃO
"05-18-10","05","18","10",COLEÇÃO
"05-18-11","05","18","11",COLEÇÃO
"05-18-12","05","18","12",COLEÇÃO
"05-18-13","05","18","13",COLEÇÃO
"05-18-14","05","18","14",COLEÇÃO
"05-18-15","05","18","15",COLEÇÃO
"05-18-16","05","18","16",COLEÇÃO
"05-18-17","05","18","17",COLEÇÃO
"05-18-18","05","18","18",COLEÇÃO
"05-18-19","05","18","19",COLEÇÃO
"05-18-20","05","18","20",COLEÇÃO
"05-18-21","05","18","21",COLEÇÃO
"05-18-22","05","18","22",COLEÇÃO
"05-18-23","05","18","23",COLEÇÃO
"05-18-24","05","18","24",COLEÇÃO
"05-19-01","05","19","01",COLEÇÃO
"05-19-02","05","19","02",COLEÇÃO
"05-19-03","05","19","03",COLEÇÃO
"05-19-04","05","19","04",COLEÇÃO
"05-19-05","05","19","05",COLEÇÃO
"05-19-06","05","19","06",COLEÇÃO
"05-19-07","05","19","07",COLEÇÃO
"05-19-08","05","19","08",COLEÇÃO
"05-19-09","05","19","09",COLEÇÃO
"05-19-10","05","19","10",COLEÇÃO
"05-19-11","05","19","11",COLEÇÃO
"05-19-12","05","19","12",COLEÇÃO
"05-19-13","05","19","13",COLEÇÃO
"05-19-14","05","19","14",COLEÇÃO
"05-19-15","05","19","15",COLEÇÃO
"05-19-16","05","19","16",COLEÇÃO
"05-19-17","05","19","17",COLEÇÃO
"05-19-18","05","19","18",COLEÇÃO
"05-19-19","05","19","19",COLEÇÃO
"05-19-20","05","19","20",COLEÇÃO
"05-19-21","05","19","21",COLEÇÃO
"05-19-22","05","19","22",COLEÇÃO
"05-19-23","05","19","23",COLEÇÃO
"05-19-24","05","19","24",COLEÇÃO
"05-20-01","05","20","01",COLEÇÃO
"05-20-02","05","20","02",COLEÇÃO
"05-20-03","05","20","03",COLEÇÃO
"05-20-04","05","20","04",COLEÇÃO
"05-20-05","05","20","05",COLEÇÃO
"05-20-06","05","20","06",COLEÇÃO
"05-20-07","05","20","07",COLEÇÃO
"05-20-08","05","20","08",COLEÇÃO
"05-20-09","05","20","09",COLEÇÃO
"05-20-10","05","20","10",COLEÇÃO
"05-20-11","05","20","11",COLEÇÃO
"05-20-12","05","20","12",COLEÇÃO
"05-20-13","05","20","13",COLEÇÃO
"05-20-14","05","20","14",COLEÇÃO
"05-20-15","05","20","15",COLEÇÃO
"05-20-16","05","20","16",COLEÇÃO
"05-20-17","05","20","17",COLEÇÃO
"05-20-18","05","20","18",COLEÇÃO
"05-20-19","05","20","19",COLEÇÃO
"05-20-20","05","20","20",COLEÇÃO
"05-20-21","05","20","21",COLEÇÃO
"05-20-22","05","20","22",COLEÇÃO
"05-20-23","05","20","23",COLEÇÃO
"05-20-24","05","20","24",COLEÇÃO
"05-21-01","05","21","01",COLEÇÃO
"05-21-02","05","21","02",COLEÇÃO
"05-21-03","05","21","03",COLEÇÃO
"05-21-04","05","21","04",COLEÇÃO
"05-21-05","05","21","05",COLEÇÃO
"05-21-06","05","21","06",COLEÇÃO
"05-21-07","05","21","07",COLEÇÃO
"05-21-08","05","21","08",COLEÇÃO
"05-21-09","05","21","09",COLEÇÃO
"05-21-10","05","21","10",COLEÇÃO
"05-21-11","05","21","11",COLEÇÃO
"05-21-12","05","21","12",COLEÇÃO
"05-21-13","05","21","13",COLEÇÃO
"05-21-14","05","21","14",COLEÇÃO
"05-21-15","05","21","15",COLEÇÃO
"05-21-16","05","21","16",COLEÇÃO
"05-21-17","05","21","17",COLEÇÃO
"05-21-18","05","21","18",COLEÇÃO
"05-21-19","05","21","19",COLEÇÃO
"05-21-20","05","21","20",COLEÇÃO
"05-21-21","05","21","21",COLEÇÃO
"05-21-22","05","21","22",COLEÇÃO
"05-21-23","05","21","23",COLEÇÃO
"05-21-24","05","21","24",COLEÇÃO
"05-22-01","05","22","01",COLEÇÃO
"05-22-02","05","22","02",COLEÇÃO
"05-22-03","05","22","03",COLEÇÃO
"05-22-04","05","22","04",COLEÇÃO
"05-22-05","05","22","05",COLEÇÃO
"05-22-06","05","22","06",COLEÇÃO
"05-22-07","05","22","07",COLEÇÃO
"05-22-08","05","22","08",COLEÇÃO
"05-22-09","05","22","09",COLEÇÃO
"05-22-10","05","22","10",COLEÇÃO
"05-22-11","05","22","11",COLEÇÃO
"05-22-12","05","22","12",COLEÇÃO
"05-22-13","05","22","13",COLEÇÃO
"05-22-14","05","22","14",COLEÇÃO
"05-22-15","05","22","15",COLEÇÃO
"05-22-16","05","22","16",COLEÇÃO
"05-22-17","05","22","17",COLEÇÃO
"05-22-18","05","22","18",COLEÇÃO
"05-22-19","05","22","19",COLEÇÃO
"05-22-20","05","22","20",COLEÇÃO
"05-22-21","05","22","21",COLEÇÃO
"05-22-22","05","22","22",COLEÇÃO
"05-22-23","05","22","23",COLEÇÃO
"05-22-24","05","22","24",COLEÇÃO
"05-23-01","05","23","01",COLEÇÃO
"05-23-02","05","23","02",COLEÇÃO
"05-23-03","05","23","03",COLEÇÃO
"05-23-04","05","23","04",COLEÇÃO
"05-23-05","05","23","05",COLEÇÃO
"05-23-06","05","23","06",COLEÇÃO
"05-23-07","05","23","07",COLEÇÃO
"05-23-08","05","23","08",COLEÇÃO
"05-23-09","05","23","09",COLEÇÃO
"05-23-10","05","23","10",COLEÇÃO
"05-23-11","05","23","11",COLEÇÃO
"05-23-12","05","23","12",COLEÇÃO
"05-23-13","05","23","13",COLEÇÃO
"05-23-14","05","23","14",COLEÇÃO
"05-23-15","05","23","15",COLEÇÃO
"05-23-16","05","23","16",COLEÇÃO
"05-23-17","05","23","17",COLEÇÃO
"05-23-18","05","23","18",COLEÇÃO
"05-23-19","05","23","19",COLEÇÃO
"05-23-20","05","23","20",COLEÇÃO
"05-23-21","05","23","21",COLEÇÃO
"05-23-22","05","23","22",COLEÇÃO
"05-23-23","05","23","23",COLEÇÃO
"05-23-24","05","23","24",COLEÇÃO
"05-24-01","05","24","01",COLEÇÃO
"05-24-02","05","24","02",COLEÇÃO
"05-24-03","05","24","03",COLEÇÃO
"05-24-04","05","24","04",COLEÇÃO
"05-24-05","05","24","05",COLEÇÃO
"05-24-06","05","24","06",COLEÇÃO
"05-24-07","05","24","07",COLEÇÃO
"05-24-08","05","24","08",COLEÇÃO
"05-24-09","05","24","09",COLEÇÃO
"05-24-10","05","24","10",COLEÇÃO
"05-24-11","05","24","11",COLEÇÃO
"05-24-12","05","24","12",COLEÇÃO
"05-24-13","05","24","13",COLEÇÃO
"05-24-14","05","24","14",COLEÇÃO
"05-24-15","05","24","15",COLEÇÃO
"05-24-16","05","24","16",COLEÇÃO
"05-24-17","05","24","17",COLEÇÃO
"05-24-18","05","24","18",COLEÇÃO
"05-24-19","05","24","19",COLEÇÃO
"05-24-20","05","24","20",COLEÇÃO
"05-24-21","05","24","21",COLEÇÃO
"05-24-22","05","24","22",COLEÇÃO
"05-24-23","05","24","23",COLEÇÃO
"05-24-24","05","24","24",COLEÇÃO
"05-25-01","05","25","01",COLEÇÃO
"05-25-02","05","25","02",COLEÇÃO
"05-25-03","05","25","03",COLEÇÃO
"05-25-04","05","25","04",COLEÇÃO
"05-25-05","05","25","05",COLEÇÃO
"05-25-06","05","25","06",COLEÇÃO
"05-25-07","05","25","07",COLEÇÃO
"05-25-08","05","25","08",COLEÇÃO
"05-25-09","05","25","09",COLEÇÃO
"05-25-10","05","25","10",COLEÇÃO
"05-25-11","05","25","11",COLEÇÃO
"05-25-12","05","25","12",COLEÇÃO
"05-25-13","05","25","13",COLEÇÃO
"05-25-14","05","25","14",COLEÇÃO
"05-25-15","05","25","15",COLEÇÃO
"05-25-16","05","25","16",COLEÇÃO
"05-25-17","05","25","17",COLEÇÃO
"05-25-18","05","25","18",COLEÇÃO
"05-25-19","05","25","19",COLEÇÃO
"05-25-20","05","25","20",COLEÇÃO
"05-25-21","05","25","21",COLEÇÃO
"05-25-22","05","25","22",COLEÇÃO
"05-25-23","05","25","23",COLEÇÃO
"05-25-24","05","25","24",COLEÇÃO
"05-26-01","05","26","01",COLEÇÃO
"05-26-02","05","26","02",COLEÇÃO
"05-26-03","05","26","03",COLEÇÃO
"05-26-04","05","26","04",COLEÇÃO
"05-26-05","05","26","05",COLEÇÃO
"05-26-06","05","26","06",COLEÇÃO
"05-26-07","05","26","07",COLEÇÃO
"05-26-08","05","26","08",COLEÇÃO
"05-26-09","05","26","09",COLEÇÃO
"05-26-10","05","26","10",COLEÇÃO
"05-26-11","05","26","11",COLEÇÃO
"05-26-12","05","26","12",COLEÇÃO
"05-26-13","05","26","13",COLEÇÃO
"05-26-14","05","26","14",COLEÇÃO
"05-26-15","05","26","15",COLEÇÃO
"05-26-16","05","26","16",COLEÇÃO
"05-26-17","05","26","17",COLEÇÃO
"05-26-18","05","26","18",COLEÇÃO
"05-26-19","05","26","19",COLEÇÃO
"05-26-20","05","26","20",COLEÇÃO
"05-26-21","05","26","21",COLEÇÃO
"05-26-22","05","26","22",COLEÇÃO
"05-26-23","05","26","23",COLEÇÃO
"05-26-24","05","26","24",COLEÇÃO
"05-27-01","05","27","01",COLEÇÃO
"05-27-02","05","27","02",COLEÇÃO
"05-27-03","05","27","03",COLEÇÃO
"05-27-04","05","27","04",COLEÇÃO
"05-27-05","05","27","05",COLEÇÃO
"05-27-06","05","27","06",COLEÇÃO
"05-27-07","05","27","07",COLEÇÃO
"05-27-08","05","27","08",COLEÇÃO
"05-27-09","05","27","09",COLEÇÃO
"05-27-10","05","27","10",COLEÇÃO
"05-27-11","05","27","11",COLEÇÃO
"05-27-12","05","27","12",COLEÇÃO
"05-27-13","05","27","13",COLEÇÃO
"05-27-14","05","27","14",COLEÇÃO
"05-27-15","05","27","15",COLEÇÃO
"05-27-16","05","27","16",COLEÇÃO
"05-27-17","05","27","17",COLEÇÃO
"05-27-18","05","27","18",COLEÇÃO
"05-27-19","05","27","19",COLEÇÃO
"05-27-20","05","27","20",COLEÇÃO
"05-27-21","05","27","21",COLEÇÃO
"05-27-22","05","27","22",COLEÇÃO
"05-27-23","05","27","23",COLEÇÃO
"05-27-24","05","27","24",COLEÇÃO
"05-28-01","05","28","01",COLEÇÃO
"05-28-02","05","28","02",COLEÇÃO
"05-28-03","05","28","03",COLEÇÃO
"05-28-04","05","28","04",COLEÇÃO
"05-28-05","05","28","05",COLEÇÃO
"05-28-06","05","28","06",COLEÇÃO
"05-28-07","05","28","07",COLEÇÃO
"05-28-08","05","28","08",COLEÇÃO
"05-28-09","05","28","09",COLEÇÃO
"05-28-10","05","28","10",COLEÇÃO
"05-28-11","05","28","11",COLEÇÃO
"05-28-12","05","28","12",COLEÇÃO
"05-28-13","05","28","13",COLEÇÃO
"05-28-14","05","28","14",COLEÇÃO
"05-28-15","05","28","15",COLEÇÃO
"05-28-16","05","28","16",COLEÇÃO
"05-28-17","05","28","17",COLEÇÃO
"05-28-18","05","28","18",COLEÇÃO
"05-28-19","05","28","19",COLEÇÃO
"05-28-20","05","28","20",COLEÇÃO
"05-28-21","05","28","21",COLEÇÃO
"05-28-22","05","28","22",COLEÇÃO
"05-28-23","05","28","23",COLEÇÃO
"05-28-24","05","28","24",COLEÇÃO
"05-29-01","05","29","01",COLEÇÃO
"05-29-02","05","29","02",COLEÇÃO
"05-29-03","05","29","03",COLEÇÃO
"05-29-04","05","29","04",COLEÇÃO
"05-29-05","05","29","05",COLEÇÃO
"05-29-06","05","29","06",COLEÇÃO
"05-29-07","05","29","07",COLEÇÃO
"05-29-08","05","29","08",COLEÇÃO
"05-29-09","05","29","09",COLEÇÃO
"05-29-10","05","29","10",COLEÇÃO
"05-29-11","05","29","11",COLEÇÃO
"05-29-12","05","29","12",COLEÇÃO
"05-29-13","05","29","13",COLEÇÃO
"05-29-14","05","29","14",COLEÇÃO
"05-29-15","05","29","15",COLEÇÃO
"05-29-16","05","29","16",COLEÇÃO
"05-29-17","05","29","17",COLEÇÃO
"05-29-18","05","29","18",COLEÇÃO
"05-29-19","05","29","19",COLEÇÃO
"05-29-20","05","29","20",COLEÇÃO
"05-29-21","05","29","21",COLEÇÃO
"05-29-22","05","29","22",COLEÇÃO
"05-29-23","05","29","23",COLEÇÃO
"05-29-24","05","29","24",COLEÇÃO
"05-30-01","05","30","01",COLEÇÃO
"05-30-02","05","30","02",COLEÇÃO
"05-30-03","05","30","03",COLEÇÃO
"05-30-04","05","30","04",COLEÇÃO
"05-30-05","05","30","05",COLEÇÃO
"05-30-06","05","30","06",COLEÇÃO
"05-30-07","05","30","07",COLEÇÃO
"05-30-08","05","30","08",COLEÇÃO
"05-30-09","05","30","09",COLEÇÃO
"05-30-10","05","30","10",COLEÇÃO
"05-30-11","05","30","11",COLEÇÃO
"05-30-12","05","30","12",COLEÇÃO
"05-30-13","05","30","13",COLEÇÃO
"05-30-14","05","30","14",COLEÇÃO
"05-30-15","05","30","15",COLEÇÃO
"05-30-16","05","30","16",COLEÇÃO
"05-30-17","05","30","17",COLEÇÃO
"05-30-18","05","30","18",COLEÇÃO
"05-30-19","05","30","19",COLEÇÃO
"05-30-20","05","30","20",COLEÇÃO
"05-30-21","05","30","21",COLEÇÃO
"05-30-22","05","30","22",COLEÇÃO
"05-30-23","05","30","23",COLEÇÃO
"05-30-24","05","30","24",COLEÇÃO
"05-31-01","05","31","01",COLEÇÃO
"05-31-02","05","31","02",COLEÇÃO
"05-31-03","05","31","03",COLEÇÃO
"05-31-04","05","31","04",COLEÇÃO
"05-31-05","05","31","05",COLEÇÃO
"05-31-06","05","31","06",COLEÇÃO
"05-31-07","05","31","07",COLEÇÃO
"05-31-08","05","31","08",COLEÇÃO
"05-31-09","05","31","09",COLEÇÃO
"05-31-10","05","31","10",COLEÇÃO
"05-31-11","05","31","11",COLEÇÃO
"05-31-12","05","31","12",COLEÇÃO
"05-31-13","05","31","13",COLEÇÃO
"05-31-14","05","31","14",COLEÇÃO
"05-31-15","05","31","15",COLEÇÃO
"05-31-16","05","31","16",COLEÇÃO
"05-31-17","05","31","17",COLEÇÃO
"05-31-18","05","31","18",COLEÇÃO
"05-31-19","05","31","19",COLEÇÃO
"05-31-20","05","31","20",COLEÇÃO
"05-31-21","05","31","21",COLEÇÃO
"05-31-22","05","31","22",COLEÇÃO
"05-31-23","05","31","23",COLEÇÃO
"05-31-24","05","31","24",COLEÇÃO
"05-32-01","05","32","01",COLEÇÃO
"05-32-02","05","32","02",COLEÇÃO
"05-32-03","05","32","03",COLEÇÃO
"05-32-04","05","32","04",COLEÇÃO
"05-32-05","05","32","05",COLEÇÃO
"05-32-06","05","32","06",COLEÇÃO
"05-32-07","05","32","07",COLEÇÃO
"05-32-08","05","32","08",COLEÇÃO
"05-32-09","05","32","09",COLEÇÃO
"05-32-10","05","32","10",COLEÇÃO
"05-32-11","05","32","11",COLEÇÃO
"05-32-12","05","32","12",COLEÇÃO
"05-32-13","05","32","13",COLEÇÃO
"05-32-14","05","32","14",COLEÇÃO
"05-32-15","05","32","15",COLEÇÃO
"05-32-16","05","32","16",COLEÇÃO
"05-32-17","05","32","17",COLEÇÃO
"05-32-18","05","32","18",COLEÇÃO
"05-32-19","05","32","19",COLEÇÃO
"05-32-20","05","32","20",COLEÇÃO
"05-32-21","05","32","21",COLEÇÃO
"05-32-22","05","32","22",COLEÇÃO
"05-32-23","05","32","23",COLEÇÃO
"05-32-24","05","32","24",COLEÇÃO
"05-33-01","05","33","01",COLEÇÃO
"05-33-02","05","33","02",COLEÇÃO
"05-33-03","05","33","03",COLEÇÃO
"05-33-04","05","33","04",COLEÇÃO
"05-33-05","05","33","05",COLEÇÃO
"05-33-06","05","33","06",COLEÇÃO
"05-33-07","05","33","07",COLEÇÃO
"05-33-08","05","33","08",COLEÇÃO
"05-33-09","05","33","09",COLEÇÃO
"05-33-10","05","33","10",COLEÇÃO
"05-33-11","05","33","11",COLEÇÃO
"05-33-12","05","33","12",COLEÇÃO
"05-33-13","05","33","13",COLEÇÃO
"05-33-14","05","33","14",COLEÇÃO
"05-33-15","05","33","15",COLEÇÃO
"05-33-16","05","33","16",COLEÇÃO
"05-33-17","05","33","17",COLEÇÃO
"05-33-18","05","33","18",COLEÇÃO
"05-33-19","05","33","19",COLEÇÃO
"05-33-20","05","33","20",COLEÇÃO
"05-33-21","05","33","21",COLEÇÃO
"05-33-22","05","33","22",COLEÇÃO
"05-33-23","05","33","23",COLEÇÃO
"05-33-24","05","33","24",COLEÇÃO
"05-34-01","05","34","01",COLEÇÃO
"05-34-02","05","34","02",COLEÇÃO
"05-34-03","05","34","03",COLEÇÃO
"05-34-04","05","34","04",COLEÇÃO
"05-34-05","05","34","05",COLEÇÃO
"05-34-06","05","34","06",COLEÇÃO
"05-34-07","05","34","07",COLEÇÃO
"05-34-08","05","34","08",COLEÇÃO
"05-34-09","05","34","09",COLEÇÃO
"05-34-10","05","34","10",COLEÇÃO
"05-34-11","05","34","11",COLEÇÃO
"05-34-12","05","34","12",COLEÇÃO
"05-34-13","05","34","13",COLEÇÃO
"05-34-14","05","34","14",COLEÇÃO
"05-34-15","05","34","15",COLEÇÃO
"05-34-16","05","34","16",COLEÇÃO
"05-34-17","05","34","17",COLEÇÃO
"05-34-18","05","34","18",COLEÇÃO
"05-34-19","05","34","19",COLEÇÃO
"05-34-20","05","34","20",COLEÇÃO
"05-34-21","05","34","21",COLEÇÃO
"05-34-22","05","34","22",COLEÇÃO
"05-34-23","05","34","23",COLEÇÃO
"05-34-24","05","34","24",COLEÇÃO
"05-35-01","05","35","01",COLEÇÃO
"05-35-02","05","35","02",COLEÇÃO
"05-35-03","05","35","03",COLEÇÃO
"05-35-04","05","35","04",COLEÇÃO
"05-35-05","05","35","05",COLEÇÃO
"05-35-06","05","35","06",COLEÇÃO
"05-35-07","05","35","07",COLEÇÃO
"05-35-08","05","35","08",COLEÇÃO
"05-35-09","05","35","09",COLEÇÃO
"05-35-10","05","35","10",COLEÇÃO
"05-35-11","05","35","11",COLEÇÃO
"05-35-12","05","35","12",COLEÇÃO
"05-35-13","05","35","13",COLEÇÃO
"05-35-14","05","35","14",COLEÇÃO
"05-35-15","05","35","15",COLEÇÃO
"05-35-16","05","35","16",COLEÇÃO
"05-35-17","05","35","17",COLEÇÃO
"05-35-18","05","35","18",COLEÇÃO
"05-35-19","05","35","19",COLEÇÃO
"05-35-20","05","35","20",COLEÇÃO
"05-35-21","05","35","21",COLEÇÃO
"05-35-22","05","35","22",COLEÇÃO
"05-35-23","05","35","23",COLEÇÃO
"05-35-24","05","35","24",COLEÇÃO
"05-36-01","05","36","01",COLEÇÃO
"05-36-02","05","36","02",COLEÇÃO
"05-36-03","05","36","03",COLEÇÃO
"05-36-04","05","36","04",COLEÇÃO
"05-36-05","05","36","05",COLEÇÃO
"05-36-06","05","36","06",COLEÇÃO
"05-36-07","05","36","07",COLEÇÃO
"05-36-08","05","36","08",COLEÇÃO
"05-36-09","05","36","09",COLEÇÃO
"05-36-10","05","36","10",COLEÇÃO
"05-36-11","05","36","11",COLEÇÃO
"05-36-12","05","36","12",COLEÇÃO
"05-36-13","05","36","13",COLEÇÃO
"05-36-14","05","36","14",COLEÇÃO
"05-36-15","05","36","15",COLEÇÃO
"05-36-16","05","36","16",COLEÇÃO
"05-36-17","05","36","17",COLEÇÃO
"05-36-18","05","36","18",COLEÇÃO
"05-36-19","05","36","19",COLEÇÃO
"05-36-20","05","36","20",COLEÇÃO
"05-36-21","05","36","21",COLEÇÃO
"05-36-22","05","36","22",COLEÇÃO
"05-36-23","05","36","23",COLEÇÃO
"05-36-24","05","36","24",COLEÇÃO
"05-37-01","05","37","01",COLEÇÃO
"05-37-02","05","37","02",COLEÇÃO
"05-37-03","05","37","03",COLEÇÃO
"05-37-04","05","37","04",COLEÇÃO
"05-37-05","05","37","05",COLEÇÃO
"05-37-06","05","37","06",COLEÇÃO
"05-37-07","05","37","07",COLEÇÃO
"05-37-08","05","37","08",COLEÇÃO
"05-37-09","05","37","09",COLEÇÃO
"05-37-10","05","37","10",COLEÇÃO
"05-37-11","05","37","11",COLEÇÃO
"05-37-12","05","37","12",COLEÇÃO
"05-37-13","05","37","13",COLEÇÃO
"05-37-14","05","37","14",COLEÇÃO
"05-37-15","05","37","15",COLEÇÃO
"05-37-16","05","37","16",COLEÇÃO
"05-37-17","05","37","17",COLEÇÃO
"05-37-18","05","37","18",COLEÇÃO
"05-37-19","05","37","19",COLEÇÃO
"05-37-20","05","37","20",COLEÇÃO
"05-37-21","05","37","21",COLEÇÃO
"05-37-22","05","37","22",COLEÇÃO
"05-37-23","05","37","23",COLEÇÃO
"05-37-24","05","37","24",COLEÇÃO
"05-38-01","05","38","01",COLEÇÃO
"05-38-02","05","38","02",COLEÇÃO
"05-38-03","05","38","03",COLEÇÃO
"05-38-04","05","38","04",COLEÇÃO
"05-38-05","05","38","05",COLEÇÃO
"05-38-06","05","38","06",COLEÇÃO
"05-38-07","05","38","07",COLEÇÃO
"05-38-08","05","38","08",COLEÇÃO
"05-38-09","05","38","09",COLEÇÃO
"05-38-10","05","38","10",COLEÇÃO
"05-38-11","05","38","11",COLEÇÃO
"05-38-12","05","38","12",COLEÇÃO
"05-38-13","05","38","13",COLEÇÃO
"05-38-14","05","38","14",COLEÇÃO
"05-38-15","05","38","15",COLEÇÃO
"05-38-16","05","38","16",COLEÇÃO
"05-38-17","05","38","17",COLEÇÃO
"05-38-18","05","38","18",COLEÇÃO
"05-38-19","05","38","19",COLEÇÃO
"05-38-20","05","38","20",COLEÇÃO
"05-38-21","05","38","21",COLEÇÃO
"05-38-22","05","38","22",COLEÇÃO
"05-38-23","05","38","23",COLEÇÃO
"05-38-24","05","38","24",COLEÇÃO
"05-39-01","05","39","01",COLEÇÃO
"05-39-02","05","39","02",COLEÇÃO
"05-39-03","05","39","03",COLEÇÃO
"05-39-04","05","39","04",COLEÇÃO
"05-39-05","05","39","05",COLEÇÃO
"05-39-06","05","39","06",COLEÇÃO
"05-39-07","05","39","07",COLEÇÃO
"05-39-08","05","39","08",COLEÇÃO
"05-39-09","05","39","09",COLEÇÃO
"05-39-10","05","39","10",COLEÇÃO
"05-39-11","05","39","11",COLEÇÃO
"05-39-12","05","39","12",COLEÇÃO
"05-39-13","05","39","13",COLEÇÃO
"05-39-14","05","39","14",COLEÇÃO
"05-39-15","05","39","15",COLEÇÃO
"05-39-16","05","39","16",COLEÇÃO
"05-39-17","05","39","17",COLEÇÃO
"05-39-18","05","39","18",COLEÇÃO
"05-39-19","05","39","19",COLEÇÃO
"05-39-20","05","39","20",COLEÇÃO
"05-39-21","05","39","21",COLEÇÃO
"05-39-22","05","39","22",COLEÇÃO
"05-39-23","05","39","23",COLEÇÃO
"05-39-24","05","39","24",COLEÇÃO
"05-40-01","05","40","01",COLEÇÃO
"05-40-02","05","40","02",COLEÇÃO
"05-40-03","05","40","03",COLEÇÃO
"05-40-04","05","40","04",COLEÇÃO
"05-40-05","05","40","05",COLEÇÃO
"05-40-06","05","40","06",COLEÇÃO
"05-40-07","05","40","07",COLEÇÃO
"05-40-08","05","40","08",COLEÇÃO
"05-40-09","05","40","09",COLEÇÃO
"05-40-10","05","40","10",COLEÇÃO
"05-40-11","05","40","11",COLEÇÃO
"05-40-12","05","40","12",COLEÇÃO
"05-40-13","05","40","13",COLEÇÃO
"05-40-14","05","40","14",COLEÇÃO
"05-40-15","05","40","15",COLEÇÃO
"05-40-16","05","40","16",COLEÇÃO
"05-40-17","05","40","17",COLEÇÃO
"05-40-18","05","40","18",COLEÇÃO
"05-40-19","05","40","19",COLEÇÃO
"05-40-20","05","40","20",COLEÇÃO
"05-40-21","05","40","21",COLEÇÃO
"05-40-22","05","40","22",COLEÇÃO
"05-40-23","05","40","23",COLEÇÃO
"05-40-24","05","40","24",COLEÇÃO
"05-41-01","05","41","01",COLEÇÃO
"05-41-02","05","41","02",COLEÇÃO
"05-41-03","05","41","03",COLEÇÃO
"05-41-04","05","41","04",COLEÇÃO
"05-41-05","05","41","05",COLEÇÃO
"05-41-06","05","41","06",COLEÇÃO
"05-41-07","05","41","07",COLEÇÃO
"05-41-08","05","41","08",COLEÇÃO
"05-41-09","05","41","09",COLEÇÃO
"05-41-10","05","41","10",COLEÇÃO
"05-41-11","05","41","11",COLEÇÃO
"05-41-12","05","41","12",COLEÇÃO
"05-41-13","05","41","13",COLEÇÃO
"05-41-14","05","41","14",COLEÇÃO
"05-41-15","05","41","15",COLEÇÃO
"05-41-16","05","41","16",COLEÇÃO
"05-41-17","05","41","17",COLEÇÃO
"05-41-18","05","41","18",COLEÇÃO
"05-41-19","05","41","19",COLEÇÃO
"05-41-20","05","41","20",COLEÇÃO
"05-41-21","05","41","21",COLEÇÃO
"05-41-22","05","41","22",COLEÇÃO
"05-41-23","05","41","23",COLEÇÃO
"05-41-24","05","41","24",COLEÇÃO
"05-42-01","05","42","01",COLEÇÃO
"05-42-02","05","42","02",COLEÇÃO
"05-42-03","05","42","03",COLEÇÃO
"05-42-04","05","42","04",COLEÇÃO
"05-42-05","05","42","05",COLEÇÃO
"05-42-06","05","42","06",COLEÇÃO
"05-42-07","05","42","07",COLEÇÃO
"05-42-08","05","42","08",COLEÇÃO
"05-42-09","05","42","09",COLEÇÃO
"05-42-10","05","42","10",COLEÇÃO
"05-42-11","05","42","11",COLEÇÃO
"05-42-12","05","42","12",COLEÇÃO
"05-42-13","05","42","13",COLEÇÃO
"05-42-14","05","42","14",COLEÇÃO
"05-42-15","05","42","15",COLEÇÃO
"05-42-16","05","42","16",COLEÇÃO
"05-42-17","05","42","17",COLEÇÃO
"05-42-18","05","42","18",COLEÇÃO
"05-42-19","05","42","19",COLEÇÃO
"05-42-20","05","42","20",COLEÇÃO
"05-42-21","05","42","21",COLEÇÃO
"05-42-22","05","42","22",COLEÇÃO
"05-42-23","05","42","23",COLEÇÃO
"05-42-24","05","42","24",COLEÇÃO
"05-43-01","05","43","01",COLEÇÃO
"05-43-02","05","43","02",COLEÇÃO
"05-43-03","05","43","03",COLEÇÃO
"05-43-04","05","43","04",COLEÇÃO
"05-43-05","05","43","05",COLEÇÃO
"05-43-06","05","43","06",COLEÇÃO
"05-43-07","05","43","07",COLEÇÃO
"05-43-08","05","43","08",COLEÇÃO
"05-43-09","05","43","09",COLEÇÃO
"05-43-10","05","43","10",COLEÇÃO
"05-43-11","05","43","11",COLEÇÃO
"05-43-12","05","43","12",COLEÇÃO
"05-43-13","05","43","13",COLEÇÃO
"05-43-14","05","43","14",COLEÇÃO
"05-43-15","05","43","15",COLEÇÃO
"05-43-16","05","43","16",COLEÇÃO
"05-43-17","05","43","17",COLEÇÃO
"05-43-18","05","43","18",COLEÇÃO
"05-43-19","05","43","19",COLEÇÃO
"05-43-20","05","43","20",COLEÇÃO
"05-43-21","05","43","21",COLEÇÃO
"05-43-22","05","43","22",COLEÇÃO
"05-43-23","05","43","23",COLEÇÃO
"05-43-24","05","43","24",COLEÇÃO
"05-44-01","05","44","01",COLEÇÃO
"05-44-02","05","44","02",COLEÇÃO
"05-44-03","05","44","03",COLEÇÃO
"05-44-04","05","44","04",COLEÇÃO
"05-44-05","05","44","05",COLEÇÃO
"05-44-06","05","44","06",COLEÇÃO
"05-44-07","05","44","07",COLEÇÃO
"05-44-08","05","44","08",COLEÇÃO
"05-44-09","05","44","09",COLEÇÃO
"05-44-10","05","44","10",COLEÇÃO
"05-44-11","05","44","11",COLEÇÃO
"05-44-12","05","44","12",COLEÇÃO
"05-44-13","05","44","13",COLEÇÃO
"05-44-14","05","44","14",COLEÇÃO
"05-44-15","05","44","15",COLEÇÃO
"05-44-16","05","44","16",COLEÇÃO
"05-44-17","05","44","17",COLEÇÃO
"05-44-18","05","44","18",COLEÇÃO
"05-44-19","05","44","19",COLEÇÃO
"05-44-20","05","44","20",COLEÇÃO
"05-44-21","05","44","21",COLEÇÃO
"05-44-22","05","44","22",COLEÇÃO
"05-44-23","05","44","23",COLEÇÃO
"05-44-24","05","44","24",COLEÇÃO
"05-45-01","05","45","01",COLEÇÃO
"05-45-02","05","45","02",COLEÇÃO
"05-45-03","05","45","03",COLEÇÃO
"05-45-04","05","45","04",COLEÇÃO
"05-45-05","05","45","05",COLEÇÃO
"05-45-06","05","45","06",COLEÇÃO
"05-45-07","05","45","07",COLEÇÃO
"05-45-08","05","45","08",COLEÇÃO
"05-45-09","05","45","09",COLEÇÃO
"05-45-10","05","45","10",COLEÇÃO
"05-45-11","05","45","11",COLEÇÃO
"05-45-12","05","45","12",COLEÇÃO
"05-45-13","05","45","13",COLEÇÃO
"05-45-14","05","45","14",COLEÇÃO
"05-45-15","05","45","15",COLEÇÃO
"05-45-16","05","45","16",COLEÇÃO
"05-45-17","05","45","17",COLEÇÃO
"05-45-18","05","45","18",COLEÇÃO
"05-45-19","05","45","19",COLEÇÃO
"05-45-20","05","45","20",COLEÇÃO
"05-45-21","05","45","21",COLEÇÃO
"05-45-22","05","45","22",COLEÇÃO
"05-45-23","05","45","23",COLEÇÃO
"05-45-24","05","45","24",COLEÇÃO
"05-46-01","05","46","01",COLEÇÃO
"05-46-02","05","46","02",COLEÇÃO
"05-46-03","05","46","03",COLEÇÃO
"05-46-04","05","46","04",COLEÇÃO
"05-46-05","05","46","05",COLEÇÃO
"05-46-06","05","46","06",COLEÇÃO
"05-46-07","05","46","07",COLEÇÃO
"05-46-08","05","46","08",COLEÇÃO
"05-46-09","05","46","09",COLEÇÃO
"05-46-10","05","46","10",COLEÇÃO
"05-46-11","05","46","11",COLEÇÃO
"05-46-12","05","46","12",COLEÇÃO
"05-46-13","05","46","13",COLEÇÃO
"05-46-14","05","46","14",COLEÇÃO
"05-46-15","05","46","15",COLEÇÃO
"05-46-16","05","46","16",COLEÇÃO
"05-46-17","05","46","17",COLEÇÃO
"05-46-18","05","46","18",COLEÇÃO
"05-46-19","05","46","19",COLEÇÃO
"05-46-20","05","46","20",COLEÇÃO
"05-46-21","05","46","21",COLEÇÃO
"05-46-22","05","46","22",COLEÇÃO
"05-46-23","05","46","23",COLEÇÃO
"05-46-24","05","46","24",COLEÇÃO
"05-47-01","05","47","01",COLEÇÃO
"05-47-02","05","47","02",COLEÇÃO
"05-47-03","05","47","03",COLEÇÃO
"05-47-04","05","47","04",COLEÇÃO
"05-47-05","05","47","05",COLEÇÃO
"05-47-06","05","47","06",COLEÇÃO
"05-47-07","05","47","07",COLEÇÃO
"05-47-08","05","47","08",COLEÇÃO
"05-47-09","05","47","09",COLEÇÃO
"05-47-10","05","47","10",COLEÇÃO
"05-47-11","05","47","11",COLEÇÃO
"05-47-12","05","47","12",COLEÇÃO
"05-47-13","05","47","13",COLEÇÃO
"05-47-14","05","47","14",COLEÇÃO
"05-47-15","05","47","15",COLEÇÃO
"05-47-16","05","47","16",COLEÇÃO
"05-47-17","05","47","17",COLEÇÃO
"05-47-18","05","47","18",COLEÇÃO
"05-47-19","05","47","19",COLEÇÃO
"05-47-20","05","47","20",COLEÇÃO
"05-47-21","05","47","21",COLEÇÃO
"05-47-22","05","47","22",COLEÇÃO
"05-47-23","05","47","23",COLEÇÃO
"05-47-24","05","47","24",COLEÇÃO
"05-48-01","05","48","01",COLEÇÃO
"05-48-02","05","48","02",COLEÇÃO
"05-48-03","05","48","03",COLEÇÃO
"05-48-04","05","48","04",COLEÇÃO
"05-48-05","05","48","05",COLEÇÃO
"05-48-06","05","48","06",COLEÇÃO
"05-48-07","05","48","07",COLEÇÃO
"05-48-08","05","48","08",COLEÇÃO
"05-48-09","05","48","09",COLEÇÃO
"05-48-10","05","48","10",COLEÇÃO
"05-48-11","05","48","11",COLEÇÃO
"05-48-12","05","48","12",COLEÇÃO
"05-48-13","05","48","13",COLEÇÃO
"05-48-14","05","48","14",COLEÇÃO
"05-48-15","05","48","15",COLEÇÃO
"05-48-16","05","48","16",COLEÇÃO
"05-48-17","05","48","17",COLEÇÃO
"05-48-18","05","48","18",COLEÇÃO
"05-48-19","05","48","19",COLEÇÃO
"05-48-20","05","48","20",COLEÇÃO
"05-48-21","05","48","21",COLEÇÃO
"05-48-22","05","48","22",COLEÇÃO
"05-48-23","05","48","23",COLEÇÃO
"05-48-24","05","48","24",COLEÇÃO
"05-49-01","05","49","01",COLEÇÃO
"05-49-02","05","49","02",COLEÇÃO
"05-49-03","05","49","03",COLEÇÃO
"05-49-04","05","49","04",COLEÇÃO
"05-49-05","05","49","05",COLEÇÃO
"05-49-06","05","49","06",COLEÇÃO
"05-49-07","05","49","07",COLEÇÃO
"05-49-08","05","49","08",COLEÇÃO
"05-49-09","05","49","09",COLEÇÃO
"05-49-10","05","49","10",COLEÇÃO
"05-49-11","05","49","11",COLEÇÃO
"05-49-12","05","49","12",COLEÇÃO
"05-49-13","05","49","13",COLEÇÃO
"05-49-14","05","49","14",COLEÇÃO
"05-49-15","05","49","15",COLEÇÃO
"05-49-16","05","49","16",COLEÇÃO
"05-49-17","05","49","17",COLEÇÃO
"05-49-18","05","49","18",COLEÇÃO
"05-49-19","05","49","19",COLEÇÃO
"05-49-20","05","49","20",COLEÇÃO
"05-49-21","05","49","21",COLEÇÃO
"05-49-22","05","49","22",COLEÇÃO
"05-49-23","05","49","23",COLEÇÃO
"05-49-24","05","49","24",COLEÇÃO
"05-50-01","05","50","01",COLEÇÃO
"05-50-02","05","50","02",COLEÇÃO
"05-50-03","05","50","03",COLEÇÃO
"05-50-04","05","50","04",COLEÇÃO
"05-50-05","05","50","05",COLEÇÃO
"05-50-06","05","50","06",COLEÇÃO
"05-50-07","05","50","07",COLEÇÃO
"05-50-08","05","50","08",COLEÇÃO
"05-50-09","05","50","09",COLEÇÃO
"05-50-10","05","50","10",COLEÇÃO
"05-50-11","05","50","11",COLEÇÃO
"05-50-12","05","50","12",COLEÇÃO
"05-50-13","05","50","13",COLEÇÃO
"05-50-14","05","50","14",COLEÇÃO
"05-50-15","05","50","15",COLEÇÃO
"05-50-16","05","50","16",COLEÇÃO
"05-50-17","05","50","17",COLEÇÃO
"05-50-18","05","50","18",COLEÇÃO
"05-50-19","05","50","19",COLEÇÃO
"05-50-20","05","50","20",COLEÇÃO
"05-50-21","05","50","21",COLEÇÃO
"05-50-22","05","50","22",COLEÇÃO
"05-50-23","05","50","23",COLEÇÃO
"05-50-24","05","50","24",COLEÇÃO
"05-51-01","05","51","01",COLEÇÃO
"05-51-02","05","51","02",COLEÇÃO
"05-51-03","05","51","03",COLEÇÃO
"05-51-04","05","51","04",COLEÇÃO
"05-51-05","05","51","05",COLEÇÃO
"05-51-06","05","51","06",COLEÇÃO
"05-51-07","05","51","07",COLEÇÃO
"05-51-08","05","51","08",COLEÇÃO
"05-51-09","05","51","09",COLEÇÃO
"05-51-10","05","51","10",COLEÇÃO
"05-51-11","05","51","11",COLEÇÃO
"05-51-12","05","51","12",COLEÇÃO
"05-51-13","05","51","13",COLEÇÃO
"05-51-14","05","51","14",COLEÇÃO
"05-51-15","05","51","15",COLEÇÃO
"05-51-16","05","51","16",COLEÇÃO
"05-51-17","05","51","17",COLEÇÃO
"05-51-18","05","51","18",COLEÇÃO
"05-51-19","05","51","19",COLEÇÃO
"05-51-20","05","51","20",COLEÇÃO
"05-51-21","05","51","21",COLEÇÃO
"05-51-22","05","51","22",COLEÇÃO
"05-51-23","05","51","23",COLEÇÃO
"05-51-24","05","51","24",COLEÇÃO
"05-52-01","05","52","01",COLEÇÃO
"05-52-02","05","52","02",COLEÇÃO
"05-52-03","05","52","03",COLEÇÃO
"05-52-04","05","52","04",COLEÇÃO
"05-52-05","05","52","05",COLEÇÃO
"05-52-06","05","52","06",COLEÇÃO
"05-52-07","05","52","07",COLEÇÃO
"05-52-08","05","52","08",COLEÇÃO
"05-52-09","05","52","09",COLEÇÃO
"05-52-10","05","52","10",COLEÇÃO
"05-52-11","05","52","11",COLEÇÃO
"05-52-12","05","52","12",COLEÇÃO
"05-52-13","05","52","13",COLEÇÃO
"05-52-14","05","52","14",COLEÇÃO
"05-52-15","05","52","15",COLEÇÃO
"05-52-16","05","52","16",COLEÇÃO
"05-52-17","05","52","17",COLEÇÃO
"05-52-18","05","52","18",COLEÇÃO
"05-52-19","05","52","19",COLEÇÃO
"05-52-20","05","52","20",COLEÇÃO
"05-52-21","05","52","21",COLEÇÃO
"05-52-22","05","52","22",COLEÇÃO
"05-52-23","05","52","23",COLEÇÃO
"05-52-24","05","52","24",COLEÇÃO
"05-53-01","05","53","01",COLEÇÃO
"05-53-02","05","53","02",COLEÇÃO
"05-53-03","05","53","03",COLEÇÃO
"05-53-04","05","53","04",COLEÇÃO
"05-53-05","05","53","05",COLEÇÃO
"05-53-06","05","53","06",COLEÇÃO
"05-53-07","05","53","07",COLEÇÃO
"05-53-08","05","53","08",COLEÇÃO
"05-53-09","05","53","09",COLEÇÃO
"05-53-10","05","53","10",COLEÇÃO
"05-53-11","05","53","11",COLEÇÃO
"05-53-12","05","53","12",COLEÇÃO
"05-53-13","05","53","13",COLEÇÃO
"05-53-14","05","53","14",COLEÇÃO
"05-53-15","05","53","15",COLEÇÃO
"05-53-16","05","53","16",COLEÇÃO
"05-53-17","05","53","17",COLEÇÃO
"05-53-18","05","53","18",COLEÇÃO
"05-53-19","05","53","19",COLEÇÃO
"05-53-20","05","53","20",COLEÇÃO
"05-53-21","05","53","21",COLEÇÃO
"05-53-22","05","53","22",COLEÇÃO
"05-53-23","05","53","23",COLEÇÃO
"05-53-24","05","53","24",COLEÇÃO
"05-54-01","05","54","01",COLEÇÃO
"05-54-02","05","54","02",COLEÇÃO
"05-54-03","05","54","03",COLEÇÃO
"05-54-04","05","54","04",COLEÇÃO
"05-54-05","05","54","05",COLEÇÃO
"05-54-06","05","54","06",COLEÇÃO
"05-54-07","05","54","07",COLEÇÃO
"05-54-08","05","54","08",COLEÇÃO
"05-54-09","05","54","09",COLEÇÃO
"05-54-10","05","54","10",COLEÇÃO
"05-54-11","05","54","11",COLEÇÃO
"05-54-12","05","54","12",COLEÇÃO
"05-54-13","05","54","13",COLEÇÃO
"05-54-14","05","54","14",COLEÇÃO
"05-54-15","05","54","15",COLEÇÃO
"05-54-16","05","54","16",COLEÇÃO
"05-54-17","05","54","17",COLEÇÃO
"05-54-18","05","54","18",COLEÇÃO
"05-54-19","05","54","19",COLEÇÃO
"05-54-20","05","54","20",COLEÇÃO
"05-54-21","05","54","21",COLEÇÃO
"05-54-22","05","54","22",COLEÇÃO
"05-54-23","05","54","23",COLEÇÃO
"05-54-24","05","54","24",COLEÇÃO
"05-55-01","05","55","01",COLEÇÃO
"05-55-02","05","55","02",COLEÇÃO
"05-55-03","05","55","03",COLEÇÃO
"05-55-04","05","55","04",COLEÇÃO
"05-55-05","05","55","05",COLEÇÃO
"05-55-06","05","55","06",COLEÇÃO
"05-55-07","05","55","07",COLEÇÃO
"05-55-08","05","55","08",COLEÇÃO
"05-55-09","05","55","09",COLEÇÃO
"05-55-10","05","55","10",COLEÇÃO
"05-55-11","05","55","11",COLEÇÃO
"05-55-12","05","55","12",COLEÇÃO
"05-55-13","05","55","13",COLEÇÃO
"05-55-14","05","55","14",COLEÇÃO
"05-55-15","05","55","15",COLEÇÃO
"05-55-16","05","55","16",COLEÇÃO
"05-55-17","05","55","17",COLEÇÃO
"05-55-18","05","55","18",COLEÇÃO
"05-55-19","05","55","19",COLEÇÃO
"05-55-20","05","55","20",COLEÇÃO
"05-55-21","05","55","21",COLEÇÃO
"05-55-22","05","55","22",COLEÇÃO
"05-55-23","05","55","23",COLEÇÃO
"05-55-24","05","55","24",COLEÇÃO
"05-56-01","05","56","01",COLEÇÃO
"05-56-02","05","56","02",COLEÇÃO
"05-56-03","05","56","03",COLEÇÃO
"05-56-04","05","56","04",COLEÇÃO
"05-56-05","05","56","05",COLEÇÃO
"05-56-06","05","56","06",COLEÇÃO
"05-56-07","05","56","07",COLEÇÃO
"05-56-08","05","56","08",COLEÇÃO
"05-56-09","05","56","09",COLEÇÃO
"05-56-10","05","56","10",COLEÇÃO
"05-56-11","05","56","11",COLEÇÃO
"05-56-12","05","56","12",COLEÇÃO
"05-56-13","05","56","13",COLEÇÃO
"05-56-14","05","56","14",COLEÇÃO
"05-56-15","05","56","15",COLEÇÃO
"05-56-16","05","56","16",COLEÇÃO
"05-56-17","05","56","17",COLEÇÃO
"05-56-18","05","56","18",COLEÇÃO
"05-56-19","05","56","19",COLEÇÃO
"05-56-20","05","56","20",COLEÇÃO
"05-56-21","05","56","21",COLEÇÃO
"05-56-22","05","56","22",COLEÇÃO
"05-56-23","05","56","23",COLEÇÃO
"05-56-24","05","56","24",COLEÇÃO
"05-57-01","05","57","01",COLEÇÃO
"05-57-02","05","57","02",COLEÇÃO
"05-57-03","05","57","03",COLEÇÃO
"05-57-04","05","57","04",COLEÇÃO
"05-57-05","05","57","05",COLEÇÃO
"05-57-06","05","57","06",COLEÇÃO
"05-57-07","05","57","07",COLEÇÃO
"05-57-08","05","57","08",COLEÇÃO
"05-57-09","05","57","09",COLEÇÃO
"05-57-10","05","57","10",COLEÇÃO
"05-57-11","05","57","11",COLEÇÃO
"05-57-12","05","57","12",COLEÇÃO
"05-57-13","05","57","13",COLEÇÃO
"05-57-14","05","57","14",COLEÇÃO
"05-57-15","05","57","15",COLEÇÃO
"05-57-16","05","57","16",COLEÇÃO
"05-57-17","05","57","17",COLEÇÃO
"05-57-18","05","57","18",COLEÇÃO
"05-57-19","05","57","19",COLEÇÃO
"05-57-20","05","57","20",COLEÇÃO
"05-57-21","05","57","21",COLEÇÃO
"05-57-22","05","57","22",COLEÇÃO
"05-57-23","05","57","23",COLEÇÃO
"05-57-24","05","57","24",COLEÇÃO
"05-58-01","05","58","01",COLEÇÃO
"05-58-02","05","58","02",COLEÇÃO
"05-58-03","05","58","03",COLEÇÃO
"05-58-04","05","58","04",COLEÇÃO
"05-58-05","05","58","05",COLEÇÃO
"05-58-06","05","58","06",COLEÇÃO
"05-58-07","05","58","07",COLEÇÃO
"05-58-08","05","58","08",COLEÇÃO
"05-58-09","05","58","09",COLEÇÃO
"05-58-10","05","58","10",COLEÇÃO
"05-58-11","05","58","11",COLEÇÃO
"05-58-12","05","58","12",COLEÇÃO
"05-58-13","05","58","13",COLEÇÃO
"05-58-14","05","58","14",COLEÇÃO
"05-58-15","05","58","15",COLEÇÃO
"05-58-16","05","58","16",COLEÇÃO
"05-58-17","05","58","17",COLEÇÃO
"05-58-18","05","58","18",COLEÇÃO
"05-58-19","05","58","19",COLEÇÃO
"05-58-20","05","58","20",COLEÇÃO
"05-58-21","05","58","21",COLEÇÃO
"05-58-22","05","58","22",COLEÇÃO
"05-58-23","05","58","23",COLEÇÃO
"05-58-24","05","58","24",COLEÇÃO
"05-59-01","05","59","01",COLEÇÃO
"05-59-02","05","59","02",COLEÇÃO
"05-59-03","05","59","03",COLEÇÃO
"05-59-04","05","59","04",COLEÇÃO
"05-59-05","05","59","05",COLEÇÃO
"05-59-06","05","59","06",COLEÇÃO
"05-59-07","05","59","07",COLEÇÃO
"05-59-08","05","59","08",COLEÇÃO
"05-59-09","05","59","09",COLEÇÃO
"05-59-10","05","59","10",COLEÇÃO
"05-59-11","05","59","11",COLEÇÃO
"05-59-12","05","59","12",COLEÇÃO
"05-59-13","05","59","13",COLEÇÃO
"05-59-14","05","59","14",COLEÇÃO
"05-59-15","05","59","15",COLEÇÃO
"05-59-16","05","59","16",COLEÇÃO
"05-59-17","05","59","17",COLEÇÃO
"05-59-18","05","59","18",COLEÇÃO
"05-59-19","05","59","19",COLEÇÃO
"05-59-20","05","59","20",COLEÇÃO
"05-59-21","05","59","21",COLEÇÃO
"05-59-22","05","59","22",COLEÇÃO
"05-59-23","05","59","23",COLEÇÃO
"05-59-24","05","59","24",COLEÇÃO
"05-60-01","05","60","01",COLEÇÃO
"05-60-02","05","60","02",COLEÇÃO
"05-60-03","05","60","03",COLEÇÃO
"05-60-04","05","60","04",COLEÇÃO
"05-60-05","05","60","05",COLEÇÃO
"05-60-06","05","60","06",COLEÇÃO
"05-60-07","05","60","07",COLEÇÃO
"05-60-08","05","60","08",COLEÇÃO
"05-60-09","05","60","09",COLEÇÃO
"05-60-10","05","60","10",COLEÇÃO
"05-60-11","05","60","11",COLEÇÃO
"05-60-12","05","60","12",COLEÇÃO
"05-60-13","05","60","13",COLEÇÃO
"05-60-14","05","60","14",COLEÇÃO
"05-60-15","05","60","15",COLEÇÃO
"05-60-16","05","60","16",COLEÇÃO
"05-60-17","05","60","17",COLEÇÃO
"05-60-18","05","60","18",COLEÇÃO
"05-60-19","05","60","19",COLEÇÃO
"05-60-20","05","60","20",COLEÇÃO
"05-60-21","05","60","21",COLEÇÃO
"05-60-22","05","60","22",COLEÇÃO
"05-60-23","05","60","23",COLEÇÃO
"05-60-24","05","60","24",COLEÇÃO
"05-61-01","05","61","01",COLEÇÃO
"05-61-02","05","61","02",COLEÇÃO
"05-61-03","05","61","03",COLEÇÃO
"05-61-04","05","61","04",COLEÇÃO
"05-61-05","05","61","05",COLEÇÃO
"05-61-06","05","61","06",COLEÇÃO
"05-61-07","05","61","07",COLEÇÃO
"05-61-08","05","61","08",COLEÇÃO
"05-61-09","05","61","09",COLEÇÃO
"05-61-10","05","61","10",COLEÇÃO
"05-61-11","05","61","11",COLEÇÃO
"05-61-12","05","61","12",COLEÇÃO
"05-61-13","05","61","13",COLEÇÃO
"05-61-14","05","61","14",COLEÇÃO
"05-61-15","05","61","15",COLEÇÃO
"05-61-16","05","61","16",COLEÇÃO
"05-61-17","05","61","17",COLEÇÃO
"05-61-18","05","61","18",COLEÇÃO
"05-61-19","05","61","19",COLEÇÃO
"05-61-20","05","61","20",COLEÇÃO
"05-61-21","05","61","21",COLEÇÃO
"05-61-22","05","61","22",COLEÇÃO
"05-61-23","05","61","23",COLEÇÃO
"05-61-24","05","61","24",COLEÇÃO
"05-62-01","05","62","01",COLEÇÃO
"05-62-02","05","62","02",COLEÇÃO
"05-62-03","05","62","03",COLEÇÃO
"05-62-04","05","62","04",COLEÇÃO
"05-62-05","05","62","05",COLEÇÃO
"05-62-06","05","62","06",COLEÇÃO
"05-62-07","05","62","07",COLEÇÃO
"05-62-08","05","62","08",COLEÇÃO
"05-62-09","05","62","09",COLEÇÃO
"05-62-10","05","62","10",COLEÇÃO
"05-62-11","05","62","11",COLEÇÃO
"05-62-12","05","62","12",COLEÇÃO
"05-62-13","05","62","13",COLEÇÃO
"05-62-14","05","62","14",COLEÇÃO
"05-62-15","05","62","15",COLEÇÃO
"05-62-16","05","62","16",COLEÇÃO
"05-62-17","05","62","17",COLEÇÃO
"05-62-18","05","62","18",COLEÇÃO
"05-62-19","05","62","19",COLEÇÃO
"05-62-20","05","62","20",COLEÇÃO
"05-62-21","05","62","21",COLEÇÃO
"05-62-22","05","62","22",COLEÇÃO
"05-62-23","05","62","23",COLEÇÃO
"05-62-24","05","62","24",COLEÇÃO
"05-63-01","05","63","01",COLEÇÃO
"05-63-02","05","63","02",COLEÇÃO
"05-63-03","05","63","03",COLEÇÃO
"05-63-04","05","63","04",COLEÇÃO
"05-63-05","05","63","05",COLEÇÃO
"05-63-06","05","63","06",COLEÇÃO
"05-63-07","05","63","07",COLEÇÃO
"05-63-08","05","63","08",COLEÇÃO
"05-63-09","05","63","09",COLEÇÃO
"05-63-10","05","63","10",COLEÇÃO
"05-63-11","05","63","11",COLEÇÃO
"05-63-12","05","63","12",COLEÇÃO
"05-63-13","05","63","13",COLEÇÃO
"05-63-14","05","63","14",COLEÇÃO
"05-63-15","05","63","15",COLEÇÃO
"05-63-16","05","63","16",COLEÇÃO
"05-63-17","05","63","17",COLEÇÃO
"05-63-18","05","63","18",COLEÇÃO
"05-63-19","05","63","19",COLEÇÃO
"05-63-20","05","63","20",COLEÇÃO
"05-63-21","05","63","21",COLEÇÃO
"05-63-22","05","63","22",COLEÇÃO
"05-63-23","05","63","23",COLEÇÃO
"05-63-24","05","63","24",COLEÇÃO
"05-64-01","05","64","01",COLEÇÃO
"05-64-02","05","64","02",COLEÇÃO
"05-64-03","05","64","03",COLEÇÃO
"05-64-04","05","64","04",COLEÇÃO
"05-64-05","05","64","05",COLEÇÃO
"05-64-06","05","64","06",COLEÇÃO
"05-64-07","05","64","07",COLEÇÃO
"05-64-08","05","64","08",COLEÇÃO
"05-64-09","05","64","09",COLEÇÃO
"05-64-10","05","64","10",COLEÇÃO
"05-64-11","05","64","11",COLEÇÃO
"05-64-12","05","64","12",COLEÇÃO
"05-64-13","05","64","13",COLEÇÃO
"05-64-14","05","64","14",COLEÇÃO
"05-64-15","05","64","15",COLEÇÃO
"05-64-16","05","64","16",COLEÇÃO
"05-64-17","05","64","17",COLEÇÃO
"05-64-18","05","64","18",COLEÇÃO
"05-64-19","05","64","19",COLEÇÃO
"05-64-20","05","64","20",COLEÇÃO
"05-64-21","05","64","21",COLEÇÃO
"05-64-22","05","64","22",COLEÇÃO
"05-64-23","05","64","23",COLEÇÃO
"05-64-24","05","64","24",COLEÇÃO
"05-65-01","05","65","01",COLEÇÃO
"05-65-02","05","65","02",COLEÇÃO
"05-65-03","05","65","03",COLEÇÃO
"05-65-04","05","65","04",COLEÇÃO
"05-65-05","05","65","05",COLEÇÃO
"05-65-06","05","65","06",COLEÇÃO
"05-65-07","05","65","07",COLEÇÃO
"05-65-08","05","65","08",COLEÇÃO
"05-65-09","05","65","09",COLEÇÃO
"05-65-10","05","65","10",COLEÇÃO
"05-65-11","05","65","11",COLEÇÃO
"05-65-12","05","65","12",COLEÇÃO
"05-65-13","05","65","13",COLEÇÃO
"05-65-14","05","65","14",COLEÇÃO
"05-65-15","05","65","15",COLEÇÃO
"05-65-16","05","65","16",COLEÇÃO
"05-65-17","05","65","17",COLEÇÃO
"05-65-18","05","65","18",COLEÇÃO
"05-65-19","05","65","19",COLEÇÃO
"05-65-20","05","65","20",COLEÇÃO
"05-65-21","05","65","21",COLEÇÃO
"05-65-22","05","65","22",COLEÇÃO
"05-65-23","05","65","23",COLEÇÃO
"05-65-24","05","65","24",COLEÇÃO
"05-66-01","05","66","01",COLEÇÃO
"05-66-02","05","66","02",COLEÇÃO
"05-66-03","05","66","03",COLEÇÃO
"05-66-04","05","66","04",COLEÇÃO
"05-66-05","05","66","05",COLEÇÃO
"05-66-06","05","66","06",COLEÇÃO
"05-66-07","05","66","07",COLEÇÃO
"05-66-08","05","66","08",COLEÇÃO
"05-66-09","05","66","09",COLEÇÃO
"05-66-10","05","66","10",COLEÇÃO
"05-66-11","05","66","11",COLEÇÃO
"05-66-12","05","66","12",COLEÇÃO
"05-66-13","05","66","13",COLEÇÃO
"05-66-14","05","66","14",COLEÇÃO
"05-66-15","05","66","15",COLEÇÃO
"05-66-16","05","66","16",COLEÇÃO
"05-66-17","05","66","17",COLEÇÃO
"05-66-18","05","66","18",COLEÇÃO
"05-66-19","05","66","19",COLEÇÃO
"05-66-20","05","66","20",COLEÇÃO
"05-66-21","05","66","21",COLEÇÃO
"05-66-22","05","66","22",COLEÇÃO
"05-66-23","05","66","23",COLEÇÃO
"05-66-24","05","66","24",COLEÇÃO
"05-67-01","05","67","01",COLEÇÃO
"05-67-02","05","67","02",COLEÇÃO
"05-67-03","05","67","03",COLEÇÃO
"05-67-04","05","67","04",COLEÇÃO
"05-67-05","05","67","05",COLEÇÃO
"05-67-06","05","67","06",COLEÇÃO
"05-67-07","05","67","07",COLEÇÃO
"05-67-08","05","67","08",COLEÇÃO
"05-67-09","05","67","09",COLEÇÃO
"05-67-10","05","67","10",COLEÇÃO
"05-67-11","05","67","11",COLEÇÃO
"05-67-12","05","67","12",COLEÇÃO
"05-67-13","05","67","13",COLEÇÃO
"05-67-14","05","67","14",COLEÇÃO
"05-67-15","05","67","15",COLEÇÃO
"05-67-16","05","67","16",COLEÇÃO
"05-67-17","05","67","17",COLEÇÃO
"05-67-18","05","67","18",COLEÇÃO
"05-67-19","05","67","19",COLEÇÃO
"05-67-20","05","67","20",COLEÇÃO
"05-67-21","05","67","21",COLEÇÃO
"05-67-22","05","67","22",COLEÇÃO
"05-67-23","05","67","23",COLEÇÃO
"05-67-24","05","67","24",COLEÇÃO
"05-68-01","05","68","01",COLEÇÃO
"05-68-02","05","68","02",COLEÇÃO
"05-68-03","05","68","03",COLEÇÃO
"05-68-04","05","68","04",COLEÇÃO
"05-68-05","05","68","05",COLEÇÃO
"05-68-06","05","68","06",COLEÇÃO
"05-68-07","05","68","07",COLEÇÃO
"05-68-08","05","68","08",COLEÇÃO
"05-68-09","05","68","09",COLEÇÃO
"05-68-10","05","68","10",COLEÇÃO
"05-68-11","05","68","11",COLEÇÃO
"05-68-12","05","68","12",COLEÇÃO
"05-68-13","05","68","13",COLEÇÃO
"05-68-14","05","68","14",COLEÇÃO
"05-68-15","05","68","15",COLEÇÃO
"05-68-16","05","68","16",COLEÇÃO
"05-68-17","05","68","17",COLEÇÃO
"05-68-18","05","68","18",COLEÇÃO
"05-68-19","05","68","19",COLEÇÃO
"05-68-20","05","68","20",COLEÇÃO
"05-68-21","05","68","21",COLEÇÃO
"05-68-22","05","68","22",COLEÇÃO
"05-68-23","05","68","23",COLEÇÃO
"05-68-24","05","68","24",COLEÇÃO
"05-69-01","05","69","01",COLEÇÃO
"05-69-02","05","69","02",COLEÇÃO
"05-69-03","05","69","03",COLEÇÃO
"05-69-04","05","69","04",COLEÇÃO
"05-69-05","05","69","05",COLEÇÃO
"05-69-06","05","69","06",COLEÇÃO
"05-69-07","05","69","07",COLEÇÃO
"05-69-08","05","69","08",COLEÇÃO
"05-69-09","05","69","09",COLEÇÃO
"05-69-10","05","69","10",COLEÇÃO
"05-69-11","05","69","11",COLEÇÃO
"05-69-12","05","69","12",COLEÇÃO
"05-69-13","05","69","13",COLEÇÃO
"05-69-14","05","69","14",COLEÇÃO
"05-69-15","05","69","15",COLEÇÃO
"05-69-16","05","69","16",COLEÇÃO
"05-69-17","05","69","17",COLEÇÃO
"05-69-18","05","69","18",COLEÇÃO
"05-69-19","05","69","19",COLEÇÃO
"05-69-20","05","69","20",COLEÇÃO
"05-69-21","05","69","21",COLEÇÃO
"05-69-22","05","69","22",COLEÇÃO
"05-69-23","05","69","23",COLEÇÃO
"05-69-24","05","69","24",COLEÇÃO
"05-70-01","05","70","01",COLEÇÃO
"05-70-02","05","70","02",COLEÇÃO
"05-70-03","05","70","03",COLEÇÃO
"05-70-04","05","70","04",COLEÇÃO
"05-70-05","05","70","05",COLEÇÃO
"05-70-06","05","70","06",COLEÇÃO
"05-70-07","05","70","07",COLEÇÃO
"05-70-08","05","70","08",COLEÇÃO
"05-70-09","05","70","09",COLEÇÃO
"05-70-10","05","70","10",COLEÇÃO
"05-70-11","05","70","11",COLEÇÃO
"05-70-12","05","70","12",COLEÇÃO
"05-70-13","05","70","13",COLEÇÃO
"05-70-14","05","70","14",COLEÇÃO
"05-70-15","05","70","15",COLEÇÃO
"05-70-16","05","70","16",COLEÇÃO
"05-70-17","05","70","17",COLEÇÃO
"05-70-18","05","70","18",COLEÇÃO
"05-70-19","05","70","19",COLEÇÃO
"05-70-20","05","70","20",COLEÇÃO
"05-70-21","05","70","21",COLEÇÃO
"05-70-22","05","70","22",COLEÇÃO
"05-70-23","05","70","23",COLEÇÃO
"05-70-24","05","70","24",COLEÇÃO
"05-71-01","05","71","01",COLEÇÃO
"05-71-02","05","71","02",COLEÇÃO
"05-71-03","05","71","03",COLEÇÃO
"05-71-04","05","71","04",COLEÇÃO
"05-71-05","05","71","05",COLEÇÃO
"05-71-06","05","71","06",COLEÇÃO
"05-71-07","05","71","07",COLEÇÃO
"05-71-08","05","71","08",COLEÇÃO
"05-71-09","05","71","09",COLEÇÃO
"05-71-10","05","71","10",COLEÇÃO
"05-71-11","05","71","11",COLEÇÃO
"05-71-12","05","71","12",COLEÇÃO
"05-71-13","05","71","13",COLEÇÃO
"05-71-14","05","71","14",COLEÇÃO
"05-71-15","05","71","15",COLEÇÃO
"05-71-16","05","71","16",COLEÇÃO
"05-71-17","05","71","17",COLEÇÃO
"05-71-18","05","71","18",COLEÇÃO
"05-71-19","05","71","19",COLEÇÃO
"05-71-20","05","71","20",COLEÇÃO
"05-71-21","05","71","21",COLEÇÃO
"05-71-22","05","71","22",COLEÇÃO
"05-71-23","05","71","23",COLEÇÃO
"05-71-24","05","71","24",COLEÇÃO
"05-72-01","05","72","01",COLEÇÃO
"05-72-02","05","72","02",COLEÇÃO
"05-72-03","05","72","03",COLEÇÃO
"05-72-04","05","72","04",COLEÇÃO
"05-72-05","05","72","05",COLEÇÃO
"05-72-06","05","72","06",COLEÇÃO
"05-72-07","05","72","07",COLEÇÃO
"05-72-08","05","72","08",COLEÇÃO
"05-72-09","05","72","09",COLEÇÃO
"05-72-10","05","72","10",COLEÇÃO
"05-72-11","05","72","11",COLEÇÃO
"05-72-12","05","72","12",COLEÇÃO
"05-72-13","05","72","13",COLEÇÃO
"05-72-14","05","72","14",COLEÇÃO
"05-72-15","05","72","15",COLEÇÃO
"05-72-16","05","72","16",COLEÇÃO
"05-72-17","05","72","17",COLEÇÃO
"05-72-18","05","72","18",COLEÇÃO
"05-72-19","05","72","19",COLEÇÃO
"05-72-20","05","72","20",COLEÇÃO
"05-72-21","05","72","21",COLEÇÃO
"05-72-22","05","72","22",COLEÇÃO
"05-72-23","05","72","23",COLEÇÃO
"05-72-24","05","72","24",COLEÇÃO
"05-73-01","05","73","01",COLEÇÃO
"05-73-02","05","73","02",COLEÇÃO
"05-73-03","05","73","03",COLEÇÃO
"05-73-04","05","73","04",COLEÇÃO
"05-73-05","05","73","05",COLEÇÃO
"05-73-06","05","73","06",COLEÇÃO
"05-73-07","05","73","07",COLEÇÃO
"05-73-08","05","73","08",COLEÇÃO
"05-73-09","05","73","09",COLEÇÃO
"05-73-10","05","73","10",COLEÇÃO
"05-73-11","05","73","11",COLEÇÃO
"05-73-12","05","73","12",COLEÇÃO
"05-73-13","05","73","13",COLEÇÃO
"05-73-14","05","73","14",COLEÇÃO
"05-73-15","05","73","15",COLEÇÃO
"05-73-16","05","73","16",COLEÇÃO
"05-73-17","05","73","17",COLEÇÃO
"05-73-18","05","73","18",COLEÇÃO
"05-73-19","05","73","19",COLEÇÃO
"05-73-20","05","73","20",COLEÇÃO
"05-73-21","05","73","21",COLEÇÃO
"05-73-22","05","73","22",COLEÇÃO
"05-73-23","05","73","23",COLEÇÃO
"05-73-24","05","73","24",COLEÇÃO
"05-74-01","05","74","01",COLEÇÃO
"05-74-02","05","74","02",COLEÇÃO
"05-74-03","05","74","03",COLEÇÃO
"05-74-04","05","74","04",COLEÇÃO
"05-74-05","05","74","05",COLEÇÃO
"05-74-06","05","74","06",COLEÇÃO
"05-74-07","05","74","07",COLEÇÃO
"05-74-08","05","74","08",COLEÇÃO
"05-74-09","05","74","09",COLEÇÃO
"05-74-10","05","74","10",COLEÇÃO
"05-74-11","05","74","11",COLEÇÃO
"05-74-12","05","74","12",COLEÇÃO
"05-74-13","05","74","13",COLEÇÃO
"05-74-14","05","74","14",COLEÇÃO
"05-74-15","05","74","15",COLEÇÃO
"05-74-16","05","74","16",COLEÇÃO
"05-74-17","05","74","17",COLEÇÃO
"05-74-18","05","74","18",COLEÇÃO
"05-74-19","05","74","19",COLEÇÃO
"05-74-20","05","74","20",COLEÇÃO
"05-74-21","05","74","21",COLEÇÃO
"05-74-22","05","74","22",COLEÇÃO
"05-74-23","05","74","23",COLEÇÃO
"05-74-24","05","74","24",COLEÇÃO
"05-75-01","05","75","01",COLEÇÃO
"05-75-02","05","75","02",COLEÇÃO
"05-75-03","05","75","03",COLEÇÃO
"05-75-04","05","75","04",COLEÇÃO
"05-75-05","05","75","05",COLEÇÃO
"05-75-06","05","75","06",COLEÇÃO
"05-75-07","05","75","07",COLEÇÃO
"05-75-08","05","75","08",COLEÇÃO
"05-75-09","05","75","09",COLEÇÃO
"05-75-10","05","75","10",COLEÇÃO
"05-75-11","05","75","11",COLEÇÃO
"05-75-12","05","75","12",COLEÇÃO
"05-75-13","05","75","13",COLEÇÃO
"05-75-14","05","75","14",COLEÇÃO
"05-75-15","05","75","15",COLEÇÃO
"05-75-16","05","75","16",COLEÇÃO
"05-75-17","05","75","17",COLEÇÃO
"05-75-18","05","75","18",COLEÇÃO
"05-75-19","05","75","19",COLEÇÃO
"05-75-20","05","75","20",COLEÇÃO
"05-75-21","05","75","21",COLEÇÃO
"05-75-22","05","75","22",COLEÇÃO
"05-75-23","05","75","23",COLEÇÃO
"05-75-24","05","75","24",COLEÇÃO
"05-76-01","05","76","01",COLEÇÃO
"05-76-02","05","76","02",COLEÇÃO
"05-76-03","05","76","03",COLEÇÃO
"05-76-04","05","76","04",COLEÇÃO
"05-76-05","05","76","05",COLEÇÃO
"05-76-06","05","76","06",COLEÇÃO
"05-76-07","05","76","07",COLEÇÃO
"05-76-08","05","76","08",COLEÇÃO
"05-76-09","05","76","09",COLEÇÃO
"05-76-10","05","76","10",COLEÇÃO
"05-76-11","05","76","11",COLEÇÃO
"05-76-12","05","76","12",COLEÇÃO
"05-76-13","05","76","13",COLEÇÃO
"05-76-14","05","76","14",COLEÇÃO
"05-76-15","05","76","15",COLEÇÃO
"05-76-16","05","76","16",COLEÇÃO
"05-76-17","05","76","17",COLEÇÃO
"05-76-18","05","76","18",COLEÇÃO
"05-76-19","05","76","19",COLEÇÃO
"05-76-20","05","76","20",COLEÇÃO
"05-76-21","05","76","21",COLEÇÃO
"05-76-22","05","76","22",COLEÇÃO
"05-76-23","05","76","23",COLEÇÃO
"05-76-24","05","76","24",COLEÇÃO
"05-77-01","05","77","01",COLEÇÃO
"05-77-02","05","77","02",COLEÇÃO
"05-77-03","05","77","03",COLEÇÃO
"05-77-04","05","77","04",COLEÇÃO
"05-77-05","05","77","05",COLEÇÃO
"05-77-06","05","77","06",COLEÇÃO
"05-77-07","05","77","07",COLEÇÃO
"05-77-08","05","77","08",COLEÇÃO
"05-77-09","05","77","09",COLEÇÃO
"05-77-10","05","77","10",COLEÇÃO
"05-77-11","05","77","11",COLEÇÃO
"05-77-12","05","77","12",COLEÇÃO
"05-77-13","05","77","13",COLEÇÃO
"05-77-14","05","77","14",COLEÇÃO
"05-77-15","05","77","15",COLEÇÃO
"05-77-16","05","77","16",COLEÇÃO
"05-77-17","05","77","17",COLEÇÃO
"05-77-18","05","77","18",COLEÇÃO
"05-77-19","05","77","19",COLEÇÃO
"05-77-20","05","77","20",COLEÇÃO
"05-77-21","05","77","21",COLEÇÃO
"05-77-22","05","77","22",COLEÇÃO
"05-77-23","05","77","23",COLEÇÃO
"05-77-24","05","77","24",COLEÇÃO
"05-78-01","05","78","01",COLEÇÃO
"05-78-02","05","78","02",COLEÇÃO
"05-78-03","05","78","03",COLEÇÃO
"05-78-04","05","78","04",COLEÇÃO
"05-78-05","05","78","05",COLEÇÃO
"05-78-06","05","78","06",COLEÇÃO
"05-78-07","05","78","07",COLEÇÃO
"05-78-08","05","78","08",COLEÇÃO
"05-78-09","05","78","09",COLEÇÃO
"05-78-10","05","78","10",COLEÇÃO
"05-78-11","05","78","11",COLEÇÃO
"05-78-12","05","78","12",COLEÇÃO
"05-78-13","05","78","13",COLEÇÃO
"05-78-14","05","78","14",COLEÇÃO
"05-78-15","05","78","15",COLEÇÃO
"05-78-16","05","78","16",COLEÇÃO
"05-78-17","05","78","17",COLEÇÃO
"05-78-18","05","78","18",COLEÇÃO
"05-78-19","05","78","19",COLEÇÃO
"05-78-20","05","78","20",COLEÇÃO
"05-78-21","05","78","21",COLEÇÃO
"05-78-22","05","78","22",COLEÇÃO
"05-78-23","05","78","23",COLEÇÃO
"05-78-24","05","78","24",COLEÇÃO
"05-79-01","05","79","01",COLEÇÃO
"05-79-02","05","79","02",COLEÇÃO
"05-79-03","05","79","03",COLEÇÃO
"05-79-04","05","79","04",COLEÇÃO
"05-79-05","05","79","05",COLEÇÃO
"05-79-06","05","79","06",COLEÇÃO
"05-79-07","05","79","07",COLEÇÃO
"05-79-08","05","79","08",COLEÇÃO
"05-79-09","05","79","09",COLEÇÃO
"05-79-10","05","79","10",COLEÇÃO
"05-79-11","05","79","11",COLEÇÃO
"05-79-12","05","79","12",COLEÇÃO
"05-79-13","05","79","13",COLEÇÃO
"05-79-14","05","79","14",COLEÇÃO
"05-79-15","05","79","15",COLEÇÃO
"05-79-16","05","79","16",COLEÇÃO
"05-79-17","05","79","17",COLEÇÃO
"05-79-18","05","79","18",COLEÇÃO
"05-79-19","05","79","19",COLEÇÃO
"05-79-20","05","79","20",COLEÇÃO
"05-79-21","05","79","21",COLEÇÃO
"05-79-22","05","79","22",COLEÇÃO
"05-79-23","05","79","23",COLEÇÃO
"05-79-24","05","79","24",COLEÇÃO
"05-80-01","05","80","01",COLEÇÃO
"05-80-02","05","80","02",COLEÇÃO
"05-80-03","05","80","03",COLEÇÃO
"05-80-04","05","80","04",COLEÇÃO
"05-80-05","05","80","05",COLEÇÃO
"05-80-06","05","80","06",COLEÇÃO
"05-80-07","05","80","07",COLEÇÃO
"05-80-08","05","80","08",COLEÇÃO
"05-80-09","05","80","09",COLEÇÃO
"05-80-10","05","80","10",COLEÇÃO
"05-80-11","05","80","11",COLEÇÃO
"05-80-12","05","80","12",COLEÇÃO
"05-80-13","05","80","13",COLEÇÃO
"05-80-14","05","80","14",COLEÇÃO
"05-80-15","05","80","15",COLEÇÃO
"05-80-16","05","80","16",COLEÇÃO
"05-80-17","05","80","17",COLEÇÃO
"05-80-18","05","80","18",COLEÇÃO
"05-80-19","05","80","19",COLEÇÃO
"05-80-20","05","80","20",COLEÇÃO
"05-80-21","05","80","21",COLEÇÃO
"05-80-22","05","80","22",COLEÇÃO
"05-80-23","05","80","23",COLEÇÃO
"05-80-24","05","80","24",COLEÇÃO
"05-81-01","05","81","01",COLEÇÃO
"05-81-02","05","81","02",COLEÇÃO
"05-81-03","05","81","03",COLEÇÃO
"05-81-04","05","81","04",COLEÇÃO
"05-81-05","05","81","05",COLEÇÃO
"05-81-06","05","81","06",COLEÇÃO
"05-81-07","05","81","07",COLEÇÃO
"05-81-08","05","81","08",COLEÇÃO
"05-81-09","05","81","09",COLEÇÃO
"05-81-10","05","81","10",COLEÇÃO
"05-81-11","05","81","11",COLEÇÃO
"05-81-12","05","81","12",COLEÇÃO
"05-81-13","05","81","13",COLEÇÃO
"05-81-14","05","81","14",COLEÇÃO
"05-81-15","05","81","15",COLEÇÃO
"05-81-16","05","81","16",COLEÇÃO
"05-81-17","05","81","17",COLEÇÃO
"05-81-18","05","81","18",COLEÇÃO
"05-81-19","05","81","19",COLEÇÃO
"05-81-20","05","81","20",COLEÇÃO
"05-81-21","05","81","21",COLEÇÃO
"05-81-22","05","81","22",COLEÇÃO
"05-81-23","05","81","23",COLEÇÃO
"05-81-24","05","81","24",COLEÇÃO
"05-82-01","05","82","01",COLEÇÃO
"05-82-02","05","82","02",COLEÇÃO
"05-82-03","05","82","03",COLEÇÃO
"05-82-04","05","82","04",COLEÇÃO
"05-82-05","05","82","05",COLEÇÃO
"05-82-06","05","82","06",COLEÇÃO
"05-82-07","05","82","07",COLEÇÃO
"05-82-08","05","82","08",COLEÇÃO
"05-82-09","05","82","09",COLEÇÃO
"05-82-10","05","82","10",COLEÇÃO
"05-82-11","05","82","11",COLEÇÃO
"05-82-12","05","82","12",COLEÇÃO
"05-82-13","05","82","13",COLEÇÃO
"05-82-14","05","82","14",COLEÇÃO
"05-82-15","05","82","15",COLEÇÃO
"05-82-16","05","82","16",COLEÇÃO
"05-82-17","05","82","17",COLEÇÃO
"05-82-18","05","82","18",COLEÇÃO
"05-82-19","05","82","19",COLEÇÃO
"05-82-20","05","82","20",COLEÇÃO
"05-82-21","05","82","21",COLEÇÃO
"05-82-22","05","82","22",COLEÇÃO
"05-82-23","05","82","23",COLEÇÃO
"05-82-24","05","82","24",COLEÇÃO
"05-83-01","05","83","01",COLEÇÃO
"05-83-02","05","83","02",COLEÇÃO
"05-83-03","05","83","03",COLEÇÃO
"05-83-04","05","83","04",COLEÇÃO
"05-83-05","05","83","05",COLEÇÃO
"05-83-06","05","83","06",COLEÇÃO
"05-83-07","05","83","07",COLEÇÃO
"05-83-08","05","83","08",COLEÇÃO
"05-83-09","05","83","09",COLEÇÃO
"05-83-10","05","83","10",COLEÇÃO
"05-83-11","05","83","11",COLEÇÃO
"05-83-12","05","83","12",COLEÇÃO
"05-83-13","05","83","13",COLEÇÃO
"05-83-14","05","83","14",COLEÇÃO
"05-83-15","05","83","15",COLEÇÃO
"05-83-16","05","83","16",COLEÇÃO
"05-83-17","05","83","17",COLEÇÃO
"05-83-18","05","83","18",COLEÇÃO
"05-83-19","05","83","19",COLEÇÃO
"05-83-20","05","83","20",COLEÇÃO
"05-83-21","05","83","21",COLEÇÃO
"05-83-22","05","83","22",COLEÇÃO
"05-83-23","05","83","23",COLEÇÃO
"05-83-24","05","83","24",COLEÇÃO
"05-84-01","05","84","01",COLEÇÃO
"05-84-02","05","84","02",COLEÇÃO
"05-84-03","05","84","03",COLEÇÃO
"05-84-04","05","84","04",COLEÇÃO
"05-84-05","05","84","05",COLEÇÃO
"05-84-06","05","84","06",COLEÇÃO
"05-84-07","05","84","07",COLEÇÃO
"05-84-08","05","84","08",COLEÇÃO
"05-84-09","05","84","09",COLEÇÃO
"05-84-10","05","84","10",COLEÇÃO
"05-84-11","05","84","11",COLEÇÃO
"05-84-12","05","84","12",COLEÇÃO
"05-84-13","05","84","13",COLEÇÃO
"05-84-14","05","84","14",COLEÇÃO
"05-84-15","05","84","15",COLEÇÃO
"05-84-16","05","84","16",COLEÇÃO
"05-84-17","05","84","17",COLEÇÃO
"05-84-18","05","84","18",COLEÇÃO
"05-84-19","05","84","19",COLEÇÃO
"05-84-20","05","84","20",COLEÇÃO
"05-84-21","05","84","21",COLEÇÃO
"05-84-22","05","84","22",COLEÇÃO
"05-84-23","05","84","23",COLEÇÃO
"05-84-24","05","84","24",COLEÇÃO
"05-85-01","05","85","01",COLEÇÃO
"05-85-02","05","85","02",COLEÇÃO
"05-85-03","05","85","03",COLEÇÃO
"05-85-04","05","85","04",COLEÇÃO
"05-85-05","05","85","05",COLEÇÃO
"05-85-06","05","85","06",COLEÇÃO
"05-85-07","05","85","07",COLEÇÃO
"05-85-08","05","85","08",COLEÇÃO
"05-85-09","05","85","09",COLEÇÃO
"05-85-10","05","85","10",COLEÇÃO
"05-85-11","05","85","11",COLEÇÃO
"05-85-12","05","85","12",COLEÇÃO
"05-85-13","05","85","13",COLEÇÃO
"05-85-14","05","85","14",COLEÇÃO
"05-85-15","05","85","15",COLEÇÃO
"05-85-16","05","85","16",COLEÇÃO
"05-85-17","05","85","17",COLEÇÃO
"05-85-18","05","85","18",COLEÇÃO
"05-85-19","05","85","19",COLEÇÃO
"05-85-20","05","85","20",COLEÇÃO
"05-85-21","05","85","21",COLEÇÃO
"05-85-22","05","85","22",COLEÇÃO
"05-85-23","05","85","23",COLEÇÃO
"05-85-24","05","85","24",COLEÇÃO
"05-86-01","05","86","01",COLEÇÃO
"05-86-02","05","86","02",COLEÇÃO
"05-86-03","05","86","03",COLEÇÃO
"05-86-04","05","86","04",COLEÇÃO
"05-86-05","05","86","05",COLEÇÃO
"05-86-06","05","86","06",COLEÇÃO
"05-86-07","05","86","07",COLEÇÃO
"05-86-08","05","86","08",COLEÇÃO
"05-86-09","05","86","09",COLEÇÃO
"05-86-10","05","86","10",COLEÇÃO
"05-86-11","05","86","11",COLEÇÃO
"05-86-12","05","86","12",COLEÇÃO
"05-86-13","05","86","13",COLEÇÃO
"05-86-14","05","86","14",COLEÇÃO
"05-86-15","05","86","15",COLEÇÃO
"05-86-16","05","86","16",COLEÇÃO
"05-86-17","05","86","17",COLEÇÃO
"05-86-18","05","86","18",COLEÇÃO
"05-86-19","05","86","19",COLEÇÃO
"05-86-20","05","86","20",COLEÇÃO
"05-86-21","05","86","21",COLEÇÃO
"05-86-22","05","86","22",COLEÇÃO
"05-86-23","05","86","23",COLEÇÃO
"05-86-24","05","86","24",COLEÇÃO
"05-87-01","05","87","01",COLEÇÃO
"05-87-02","05","87","02",COLEÇÃO
"05-87-03","05","87","03",COLEÇÃO
"05-87-04","05","87","04",COLEÇÃO
"05-87-05","05","87","05",COLEÇÃO
"05-87-06","05","87","06",COLEÇÃO
"05-87-07","05","87","07",COLEÇÃO
"05-87-08","05","87","08",COLEÇÃO
"05-87-09","05","87","09",COLEÇÃO
"05-87-10","05","87","10",COLEÇÃO
"05-87-11","05","87","11",COLEÇÃO
"05-87-12","05","87","12",COLEÇÃO
"05-87-13","05","87","13",COLEÇÃO
"05-87-14","05","87","14",COLEÇÃO
"05-87-15","05","87","15",COLEÇÃO
"05-87-16","05","87","16",COLEÇÃO
"05-87-17","05","87","17",COLEÇÃO
"05-87-18","05","87","18",COLEÇÃO
"05-87-19","05","87","19",COLEÇÃO
"05-87-20","05","87","20",COLEÇÃO
"05-87-21","05","87","21",COLEÇÃO
"05-87-22","05","87","22",COLEÇÃO
"05-87-23","05","87","23",COLEÇÃO
"05-87-24","05","87","24",COLEÇÃO
"05-88-01","05","88","01",COLEÇÃO
"05-88-02","05","88","02",COLEÇÃO
"05-88-03","05","88","03",COLEÇÃO
"05-88-04","05","88","04",COLEÇÃO
"05-88-05","05","88","05",COLEÇÃO
"05-88-06","05","88","06",COLEÇÃO
"05-88-07","05","88","07",COLEÇÃO
"05-88-08","05","88","08",COLEÇÃO
"05-88-09","05","88","09",COLEÇÃO
"05-88-10","05","88","10",COLEÇÃO
"05-88-11","05","88","11",COLEÇÃO
"05-88-12","05","88","12",COLEÇÃO
"05-88-13","05","88","13",COLEÇÃO
"05-88-14","05","88","14",COLEÇÃO
"05-88-15","05","88","15",COLEÇÃO
"05-88-16","05","88","16",COLEÇÃO
"05-88-17","05","88","17",COLEÇÃO
"05-88-18","05","88","18",COLEÇÃO
"05-88-19","05","88","19",COLEÇÃO
"05-88-20","05","88","20",COLEÇÃO
"05-88-21","05","88","21",COLEÇÃO
"05-88-22","05","88","22",COLEÇÃO
"05-88-23","05","88","23",COLEÇÃO
"05-88-24","05","88","24",COLEÇÃO
"05-89-01","05","89","01",COLEÇÃO
"05-89-02","05","89","02",COLEÇÃO
"05-89-03","05","89","03",COLEÇÃO
"05-89-04","05","89","04",COLEÇÃO
"05-89-05","05","89","05",COLEÇÃO
"05-89-06","05","89","06",COLEÇÃO
"05-89-07","05","89","07",COLEÇÃO
"05-89-08","05","89","08",COLEÇÃO
"05-89-09","05","89","09",COLEÇÃO
"05-89-10","05","89","10",COLEÇÃO
"05-89-11","05","89","11",COLEÇÃO
"05-89-12","05","89","12",COLEÇÃO
"05-89-13","05","89","13",COLEÇÃO
"05-89-14","05","89","14",COLEÇÃO
"05-89-15","05","89","15",COLEÇÃO
"05-89-16","05","89","16",COLEÇÃO
"05-89-17","05","89","17",COLEÇÃO
"05-89-18","05","89","18",COLEÇÃO
"05-89-19","05","89","19",COLEÇÃO
"05-89-20","05","89","20",COLEÇÃO
"05-89-21","05","89","21",COLEÇÃO
"05-89-22","05","89","22",COLEÇÃO
"05-89-23","05","89","23",COLEÇÃO
"05-89-24","05","89","24",COLEÇÃO
"05-90-01","05","90","01",COLEÇÃO
"05-90-02","05","90","02",COLEÇÃO
"05-90-03","05","90","03",COLEÇÃO
"05-90-04","05","90","04",COLEÇÃO
"05-90-05","05","90","05",COLEÇÃO
"05-90-06","05","90","06",COLEÇÃO
"05-90-07","05","90","07",COLEÇÃO
"05-90-08","05","90","08",COLEÇÃO
"05-90-09","05","90","09",COLEÇÃO
"05-90-10","05","90","10",COLEÇÃO
"05-90-11","05","90","11",COLEÇÃO
"05-90-12","05","90","12",COLEÇÃO
"05-90-13","05","90","13",COLEÇÃO
"05-90-14","05","90","14",COLEÇÃO
"05-90-15","05","90","15",COLEÇÃO
"05-90-16","05","90","16",COLEÇÃO
"05-90-17","05","90","17",COLEÇÃO
"05-90-18","05","90","18",COLEÇÃO
"05-90-19","05","90","19",COLEÇÃO
"05-90-20","05","90","20",COLEÇÃO
"05-90-21","05","90","21",COLEÇÃO
"05-90-22","05","90","22",COLEÇÃO
"05-90-23","05","90","23",COLEÇÃO
"05-90-24","05","90","24",COLEÇÃO
